Customer ID,Recency,Frequency,Monetary,R_Score,F_Score,M_Score,RFM_Score,Segment,Total Revenue
12346,326,12,77556.46,2,3,4,234,At Risk,77556.46
12347,3,8,5633.32,4,3,4,434,Champions,5633.32
12348,76,5,2019.4,3,2,3,323,Loyal,2019.4
12349,19,4,4428.69,4,2,4,424,Champions,4428.69
12350,311,1,334.4,2,1,1,211,Lost,334.4
12351,376,1,300.93,2,1,1,211,Lost,300.93
12352,37,10,2849.84,3,3,4,334,Loyal,2849.84
12353,205,2,406.76,2,1,2,212,Needs Attention,406.76
12354,233,1,1079.4,2,1,3,213,Needs Attention,1079.4
12355,215,2,947.61,2,1,3,213,Needs Attention,947.61
12356,23,6,6373.68,4,3,4,434,Champions,6373.68
12357,34,3,18287.66,3,2,4,324,Loyal,18287.66
12358,2,5,3887.07,4,2,4,424,Champions,3887.07
12359,58,10,8935.94,3,3,4,334,Loyal,8935.94
12360,53,8,4252.89,3,3,4,334,Loyal,4252.89
12361,288,4,511.25,2,2,2,222,At Risk,511.25
12362,4,11,5356.23,4,3,4,434,Champions,5356.23
12363,110,2,552.0,2,1,2,212,Needs Attention,552.0
12364,8,4,1313.1,4,2,3,423,Champions,1313.1
12365,292,2,641.38,2,1,2,212,Needs Attention,641.38
12366,634,1,500.24,1,1,2,112,Needs Attention,500.24
12367,5,1,168.9,4,1,1,411,Needs Attention,168.9
12368,629,1,917.7,1,1,3,113,Needs Attention,917.7
12369,414,3,1791.15,1,2,3,123,At Risk,1791.15
12370,52,7,4320.31,3,3,4,334,Loyal,4320.31
12371,45,5,4067.38,3,2,4,324,Loyal,4067.38
12372,72,3,1298.04,3,2,3,323,Loyal,1298.04
12373,312,3,1127.65,2,2,3,223,At Risk,1127.65
12374,26,4,2989.22,4,2,4,424,Champions,2989.22
12375,11,2,457.5,4,1,2,412,Needs Attention,457.5
12376,390,2,503.15,1,1,2,112,Needs Attention,503.15
12377,316,4,3426.32,2,2,4,224,At Risk,3426.32
12378,130,2,5416.32,2,1,4,214,Needs Attention,5416.32
12379,82,4,1620.22,3,2,3,323,Loyal,1620.22
12380,22,11,9676.3,4,3,4,434,Champions,9676.3
12381,5,5,1845.31,4,2,3,423,Champions,1845.31
12383,185,5,1850.56,2,2,3,223,At Risk,1850.56
12384,29,2,585.27,3,1,2,312,Needs Attention,585.27
12385,380,1,1938.4,2,1,3,213,Needs Attention,1938.4
12386,338,2,660.8,2,1,2,212,Needs Attention,660.8
12387,416,1,143.94,1,1,1,111,Lost,143.94
12388,16,8,3901.11,4,3,4,434,Champions,3901.11
12389,403,3,1433.33,1,2,3,123,At Risk,1433.33
12390,80,1,549.84,3,1,2,312,Needs Attention,549.84
12391,22,6,2773.42,4,3,4,434,Champions,2773.42
12392,592,1,234.75,1,1,1,111,Lost,234.75
12393,73,6,2399.45,3,3,4,334,Loyal,2399.45
12394,64,2,1272.48,3,1,3,313,Loyal,1272.48
12395,20,15,5067.27,4,3,4,434,Champions,5067.27
12396,675,1,931.43,1,1,3,113,Needs Attention,931.43
12397,36,2,2409.9,3,1,4,314,Loyal,2409.9
12398,46,1,1635.66,3,1,3,313,Loyal,1635.66
12399,120,7,1962.3,2,3,3,233,At Risk,1962.3
12400,415,1,205.25,1,1,1,111,Lost,205.25
12401,304,1,84.3,2,1,1,211,Lost,84.3
12402,324,6,1256.9,2,3,3,233,At Risk,1256.9
12403,50,2,1019.36,3,1,3,313,Loyal,1019.36
12404,683,1,63.24,1,1,1,111,Lost,63.24
12405,149,1,1710.39,2,1,3,213,Needs Attention,1710.39
12406,23,5,6390.36,4,2,4,424,Champions,6390.36
12407,50,5,1708.12,3,2,3,323,Loyal,1708.12
12408,33,8,4340.77,3,3,4,334,Loyal,4340.77
12409,79,7,23419.29,3,3,4,334,Loyal,23419.29
12410,309,3,1013.71,2,2,3,223,At Risk,1013.71
12411,410,1,346.9,1,1,1,111,Lost,346.9
12412,75,6,2596.93,3,3,4,334,Loyal,2596.93
12413,67,4,999.45,3,2,3,323,Loyal,999.45
12414,218,6,952.41,2,3,3,233,At Risk,952.41
12415,25,28,144458.37,4,3,4,434,Champions,144458.37
12416,657,1,202.56,1,1,1,111,Lost,202.56
12417,4,20,6816.91,4,3,4,434,Champions,6816.91
12418,113,4,2021.2,2,2,3,223,At Risk,2021.2
12419,386,2,503.01,1,1,2,112,Needs Attention,503.01
12420,64,1,600.39,3,1,2,312,Needs Attention,600.39
12421,16,6,1098.6,4,3,3,433,Champions,1098.6
12422,96,17,5231.8,3,3,4,334,Loyal,5231.8
12423,1,10,2622.39,4,3,4,434,Champions,2622.39
12424,163,4,3340.03,2,2,4,224,At Risk,3340.03
12425,79,2,1741.41,3,1,3,313,Loyal,1741.41
12426,195,2,1345.21,2,1,3,213,Needs Attention,1345.21
12427,22,3,1129.3,4,2,3,423,Champions,1129.3
12428,26,9,7956.46,4,3,4,434,Champions,7956.46
12429,10,8,7485.91,4,3,4,434,Champions,7485.91
12430,44,1,256.4,3,1,1,311,Needs Attention,256.4
12431,36,27,10857.97,3,3,4,334,Loyal,10857.97
12432,43,5,5059.32,3,2,4,324,Loyal,5059.32
12433,1,10,20581.26,4,3,4,434,Champions,20581.26
12434,85,3,1103.43,3,2,3,323,Loyal,1103.43
12435,80,6,13925.93,3,3,4,334,Loyal,13925.93
12436,100,1,509.01,2,1,2,212,Needs Attention,509.01
12437,2,39,12683.4,4,3,4,434,Champions,12683.4
12438,15,2,2906.85,4,1,4,414,Loyal,2906.85
12439,683,2,1158.18,1,1,3,113,Needs Attention,1158.18
12440,463,2,859.2,1,1,2,112,Needs Attention,859.2
12441,367,1,347.1,2,1,1,211,Lost,347.1
12442,4,1,172.06,4,1,1,411,Needs Attention,172.06
12443,733,1,485.31,1,1,2,112,Needs Attention,485.31
12444,22,5,5005.46,4,2,4,424,Champions,5005.46
12445,23,2,434.98,4,1,2,412,Needs Attention,434.98
12446,58,1,1002.31,3,1,3,313,Loyal,1002.31
12447,244,1,476.49,2,1,2,212,Needs Attention,476.49
12448,45,1,449.45,3,1,2,312,Needs Attention,449.45
12449,23,6,4835.89,4,3,4,434,Champions,4835.89
12450,157,5,688.2,2,2,2,222,At Risk,688.2
12451,11,8,12669.88,4,3,4,434,Champions,12669.88
12452,17,2,430.57,4,1,2,412,Needs Attention,430.57
12453,135,1,707.09,2,1,2,212,Needs Attention,707.09
12454,57,5,16679.78,3,2,4,324,Loyal,16679.78
12455,74,10,5879.95,3,3,4,334,Loyal,5879.95
12456,45,3,3181.04,3,2,4,324,Loyal,3181.04
12457,67,8,2995.91,3,3,4,334,Loyal,2995.91
12458,72,4,1777.49,3,2,3,323,Loyal,1777.49
12459,606,1,454.36,1,1,2,112,Needs Attention,454.36
12460,457,1,326.65,1,1,1,111,Lost,326.65
12461,95,2,826.88,3,1,2,312,Needs Attention,826.88
12462,19,2,1189.59,4,1,3,413,Loyal,1189.59
12463,54,4,1344.78,3,2,3,323,Loyal,1344.78
12464,11,8,1212.05,4,3,3,433,Champions,1212.05
12465,18,2,742.19,4,1,2,412,Needs Attention,742.19
12466,683,1,56.73,1,1,1,111,Lost,56.73
12467,424,1,132.8,1,1,1,111,Lost,132.8
12468,188,5,3670.74,2,2,4,224,At Risk,3670.74
12469,523,2,3070.54,1,1,4,114,Needs Attention,3070.54
12470,690,1,211.95,1,1,1,111,Lost,211.95
12471,3,79,39963.79,4,3,4,434,Champions,39963.79
12472,33,19,17880.59,3,3,4,334,Loyal,17880.59
12473,30,5,3938.55,3,2,4,324,Loyal,3938.55
12474,18,31,12424.45,4,3,4,434,Champions,12424.45
12475,54,2,1149.64,3,1,3,313,Loyal,1149.64
12476,16,23,14115.41,4,3,4,434,Champions,14115.41
12477,23,9,20276.37,4,3,4,434,Champions,20276.37
12478,4,1,680.99,4,1,2,412,Needs Attention,680.99
12479,12,1,527.2,4,1,2,412,Needs Attention,527.2
12480,29,7,5464.85,3,3,4,334,Loyal,5464.85
12481,23,15,12361.39,4,3,4,434,Champions,12361.39
12482,577,29,23691.4,1,3,4,134,At Risk,23691.4
12483,18,19,5120.58,4,3,4,434,Champions,5120.58
12484,33,12,6370.15,3,3,4,334,Loyal,6370.15
12485,530,1,708.1,1,1,2,112,Needs Attention,708.1
12486,432,1,1037.28,1,1,3,113,Needs Attention,1037.28
12487,731,1,285.3,1,1,1,111,Lost,285.3
12488,10,3,1298.66,4,2,3,423,Champions,1298.66
12489,337,1,334.93,2,1,1,211,Lost,334.93
12490,6,21,9823.64,4,3,4,434,Champions,9823.64
12491,39,1,460.4,3,1,2,312,Needs Attention,460.4
12492,64,3,715.21,3,2,2,322,Needs Attention,715.21
12493,166,2,433.74,2,1,2,212,Needs Attention,433.74
12494,16,9,1872.87,4,3,3,433,Champions,1872.87
12495,641,1,357.4,1,1,2,112,Needs Attention,357.4
12496,621,2,54.09,1,1,1,111,Lost,54.09
12497,82,3,6248.5,3,2,4,324,Loyal,6248.5
12498,22,3,403.7,4,2,2,422,Needs Attention,403.7
12499,561,1,393.72,1,1,2,112,Needs Attention,393.72
12500,24,19,5955.21,4,3,4,434,Champions,5955.21
12501,337,1,2169.39,2,1,3,213,Needs Attention,2169.39
12502,96,5,3723.87,3,2,4,324,Loyal,3723.87
12503,585,1,1126.0,1,1,3,113,Needs Attention,1126.0
12504,19,4,779.05,4,2,2,422,Needs Attention,779.05
12505,409,1,955.2,1,1,3,113,Needs Attention,955.2
12506,233,1,73.5,2,1,1,211,Lost,73.5
12507,135,4,1844.06,2,2,3,223,At Risk,1844.06
12508,27,2,398.27,3,1,2,312,Needs Attention,398.27
12509,285,1,176.5,2,1,1,211,Lost,176.5
12510,143,9,5178.02,2,3,4,234,At Risk,5178.02
12511,429,1,3084.02,1,1,4,114,Needs Attention,3084.02
12512,67,2,138.03,3,1,1,311,Needs Attention,138.03
12513,113,1,612.29,2,1,2,212,Needs Attention,612.29
12514,268,2,1597.76,2,1,3,213,Needs Attention,1597.76
12515,354,1,383.7,2,1,2,212,Needs Attention,383.7
12516,78,4,2648.62,3,2,4,324,Loyal,2648.62
12517,29,5,2502.84,3,2,4,324,Loyal,2502.84
12518,1,5,2056.89,4,2,3,423,Champions,2056.89
12519,64,2,726.54,3,1,2,312,Needs Attention,726.54
12520,80,5,2634.26,3,2,4,324,Loyal,2634.26
12521,143,1,599.68,2,1,2,212,Needs Attention,599.68
12522,40,2,192.72,3,1,1,311,Needs Attention,192.72
12523,20,23,4372.15,4,3,4,434,Champions,4372.15
12524,10,17,11126.11,4,3,4,434,Champions,11126.11
12525,499,3,973.73,1,2,3,123,At Risk,973.73
12526,1,3,1316.66,4,2,3,423,Champions,1316.66
12527,82,5,735.51,3,2,2,322,Needs Attention,735.51
12528,10,6,1933.48,4,3,3,433,Champions,1933.48
12529,529,1,316.48,1,1,1,111,Lost,316.48
12530,60,9,3759.26,3,3,4,334,Loyal,3759.26
12531,15,2,1933.2,4,1,3,413,Loyal,1933.2
12532,31,1,349.83,3,1,2,312,Needs Attention,349.83
12533,628,2,1367.89,1,1,3,113,Needs Attention,1367.89
12534,131,1,1089.18,2,1,3,213,Needs Attention,1089.18
12535,92,2,716.35,3,1,2,312,Needs Attention,716.35
12536,44,3,12601.83,3,2,4,324,Loyal,12601.83
12537,409,1,732.94,1,1,2,112,Needs Attention,732.94
12538,30,2,640.45,3,1,2,312,Needs Attention,640.45
12539,23,7,11214.75,4,3,4,434,Champions,11214.75
12540,20,33,22254.49,4,3,4,434,Champions,22254.49
12541,30,3,981.18,3,2,3,323,Loyal,981.18
12542,485,2,481.88,1,1,2,112,Needs Attention,481.88
12543,449,1,980.25,1,1,3,113,Needs Attention,980.25
12544,37,1,372.7,3,1,2,312,Needs Attention,372.7
12545,76,2,1000.39,3,1,3,313,Loyal,1000.39
12546,47,2,1161.5,3,1,3,313,Loyal,1161.5
12547,198,3,383.58,2,2,2,222,At Risk,383.58
12548,167,1,95.2,2,1,1,211,Lost,95.2
12549,576,6,1575.68,1,3,3,133,At Risk,1575.68
12550,80,1,964.83,3,1,3,313,Loyal,964.83
12551,358,1,168.0,2,1,1,211,Lost,168.0
12552,39,2,437.82,3,1,2,312,Needs Attention,437.82
12553,9,12,4608.75,4,3,4,434,Champions,4608.75
12554,449,1,468.5,1,1,2,112,Needs Attention,468.5
12555,683,1,129.23,1,1,1,111,Lost,129.23
12556,51,2,603.71,3,1,2,312,Needs Attention,603.71
12557,17,8,18716.14,4,3,4,434,Champions,18716.14
12558,8,1,269.96,4,1,1,411,Needs Attention,269.96
12559,311,2,561.71,2,1,2,212,Needs Attention,561.71
12560,6,3,2134.01,4,2,3,423,Champions,2134.01
12561,303,1,238.85,2,1,1,211,Lost,238.85
12562,9,9,4966.92,4,3,4,434,Champions,4966.92
12563,409,1,249.24,1,1,1,111,Lost,249.24
12564,262,1,456.9,2,1,2,212,Needs Attention,456.9
12565,289,1,145.92,2,1,1,211,Lost,145.92
12566,87,1,351.65,3,1,2,312,Needs Attention,351.65
12567,23,15,13709.86,4,3,4,434,Champions,13709.86
12568,645,1,70.0,1,1,1,111,Lost,70.0
12569,3,32,4124.69,4,3,4,434,Champions,4124.69
12570,683,1,77.52,1,1,1,111,Lost,77.52
12571,40,2,519.61,3,1,2,312,Needs Attention,519.61
12572,9,2,1020.42,4,1,3,413,Loyal,1020.42
12573,228,5,717.41,2,2,2,222,At Risk,717.41
12574,316,1,218.45,2,1,1,211,Lost,218.45
12575,458,2,622.82,1,1,2,112,Needs Attention,622.82
12576,36,8,2142.72,3,3,3,333,Loyal,2142.72
12577,36,8,1653.75,3,3,3,333,Loyal,1653.75
12578,22,4,4642.45,4,2,4,424,Champions,4642.45
12579,79,1,440.42,3,1,2,312,Needs Attention,440.42
12580,247,2,1052.9,2,1,3,213,Needs Attention,1052.9
12581,40,1,197.71,3,1,1,311,Needs Attention,197.71
12582,239,4,1980.4,2,2,3,223,At Risk,1980.4
12583,3,27,14447.44,4,3,4,434,Champions,14447.44
12584,4,9,2338.15,4,3,4,434,Champions,2338.15
12585,235,2,2040.1,2,1,3,213,Needs Attention,2040.1
12586,18,4,2062.67,4,2,3,423,Champions,2062.67
12587,8,1,144.0,4,1,1,411,Needs Attention,144.0
12588,40,4,958.78,3,2,3,323,Loyal,958.78
12589,29,8,4695.66,3,3,4,334,Loyal,4695.66
12590,212,2,9864.26,2,1,4,214,Needs Attention,9864.26
12591,318,3,1352.15,2,2,3,223,At Risk,1352.15
12592,93,5,2582.66,3,2,4,324,Loyal,2582.66
12593,109,3,418.1,2,2,2,222,At Risk,418.1
12594,38,15,5090.11,3,3,4,334,Loyal,5090.11
12595,505,1,299.02,1,1,1,111,Lost,299.02
12596,52,2,618.27,3,1,2,312,Needs Attention,618.27
12597,20,4,3811.22,4,2,4,424,Champions,3811.22
12598,10,11,4534.09,4,3,4,434,Champions,4534.09
12599,30,13,2296.72,3,3,3,333,Loyal,2296.72
12600,29,21,5043.92,3,3,4,334,Loyal,5043.92
12601,190,6,681.26,2,3,2,232,At Risk,681.26
12602,59,1,153.12,3,1,1,311,Needs Attention,153.12
12603,22,1,739.2,4,1,2,412,Needs Attention,739.2
12604,80,2,254.18,3,1,1,311,Needs Attention,254.18
12605,377,4,1232.95,2,2,3,223,At Risk,1232.95
12606,683,1,21.0,1,1,1,111,Lost,21.0
12607,61,1,1579.51,3,1,3,313,Loyal,1579.51
12608,405,1,415.79,1,1,2,112,Needs Attention,415.79
12609,79,9,3435.86,3,3,4,334,Loyal,3435.86
12610,23,5,2099.54,4,2,3,423,Champions,2099.54
12611,53,1,1193.32,3,1,3,313,Loyal,1193.32
12612,75,1,704.04,3,1,2,312,Needs Attention,704.04
12613,58,10,6835.07,3,3,4,334,Loyal,6835.07
12614,278,1,315.6,2,1,1,211,Lost,315.6
12615,3,8,5740.98,4,3,4,434,Champions,5740.98
12616,96,3,1131.1,3,2,3,323,Loyal,1131.1
12617,30,1,355.53,3,1,2,312,Needs Attention,355.53
12618,22,1,177.31,4,1,1,411,Needs Attention,177.31
12619,17,10,3781.38,4,3,4,434,Champions,3781.38
12620,15,3,1339.41,4,2,3,423,Champions,1339.41
12621,2,35,24775.81,4,3,4,434,Champions,24775.81
12622,233,1,180.1,2,1,1,211,Lost,180.1
12623,277,7,3747.84,2,3,4,234,At Risk,3747.84
12624,107,2,641.13,2,1,2,212,Needs Attention,641.13
12625,212,4,5164.88,2,2,4,224,At Risk,5164.88
12626,24,9,6620.48,4,3,4,434,Champions,6620.48
12627,11,7,4478.53,4,3,4,434,Champions,4478.53
12628,5,3,786.46,4,2,2,422,Needs Attention,786.46
12629,386,2,1558.22,1,1,3,113,Needs Attention,1558.22
12630,10,2,1270.88,4,1,3,413,Loyal,1270.88
12631,58,6,3481.57,3,3,4,334,Loyal,3481.57
12632,521,2,804.88,1,1,2,112,Needs Attention,804.88
12633,59,7,5678.16,3,3,4,334,Loyal,5678.16
12634,536,2,490.0,1,1,2,112,Needs Attention,490.0
12635,90,4,2930.41,3,2,4,324,Loyal,2930.41
12636,739,1,141.0,1,1,1,111,Lost,141.0
12637,68,12,8340.31,3,3,4,334,Loyal,8340.31
12638,34,2,921.49,3,1,3,313,Loyal,921.49
12639,239,3,1312.37,2,2,3,223,At Risk,1312.37
12640,24,3,1174.58,4,2,3,423,Champions,1174.58
12641,116,1,185.9,2,1,1,211,Lost,185.9
12642,26,3,1013.26,4,2,3,423,Champions,1013.26
12643,129,12,8350.42,2,3,4,234,At Risk,8350.42
12644,130,4,1918.49,2,2,3,223,At Risk,1918.49
12645,34,8,3539.3,3,3,4,334,Loyal,3539.3
12646,5,2,1346.97,4,1,3,413,Loyal,1346.97
12647,23,36,17924.35,4,3,4,434,Champions,17924.35
12648,155,4,1112.0,2,2,3,223,At Risk,1112.0
12649,108,8,2294.65,2,3,3,233,At Risk,2294.65
12650,4,1,314.44,4,1,1,411,Needs Attention,314.44
12651,335,4,377.75,2,2,2,222,At Risk,377.75
12652,332,2,1017.03,2,1,3,213,Needs Attention,1017.03
12653,149,3,4160.83,2,2,4,224,At Risk,4160.83
12654,11,5,601.98,4,2,2,422,Needs Attention,601.98
12655,424,1,261.35,1,1,1,111,Lost,261.35
12656,18,8,6407.83,4,3,4,434,Champions,6407.83
12657,12,4,1643.18,4,2,3,423,Champions,1643.18
12658,19,1,686.05,4,1,2,412,Needs Attention,686.05
12659,30,1,91.68,3,1,1,311,Needs Attention,91.68
12660,12,1,245.1,4,1,1,411,Needs Attention,245.1
12661,437,1,162.0,1,1,1,111,Lost,162.0
12662,1,20,6988.02,4,3,4,434,Champions,6988.02
12663,625,2,239.4,1,1,1,111,Lost,239.4
12664,9,11,6070.04,4,3,4,434,Champions,6070.04
12665,325,3,313.6,2,2,1,221,Needs Attention,313.6
12666,395,1,1248.42,1,1,3,113,Needs Attention,1248.42
12667,59,1,620.13,3,1,2,312,Needs Attention,620.13
12668,12,10,11444.68,4,3,4,434,Champions,11444.68
12669,151,3,2744.03,2,2,4,224,At Risk,2744.03
12670,11,7,3760.29,4,3,4,434,Champions,3760.29
12671,607,1,2622.48,1,1,4,114,Needs Attention,2622.48
12672,330,2,437.05,2,1,2,212,Needs Attention,437.05
12673,6,3,1230.02,4,2,3,423,Champions,1230.02
12674,39,4,1970.6,3,2,3,323,Loyal,1970.6
12675,554,2,958.5,1,1,3,113,Needs Attention,958.5
12676,25,11,2843.09,4,3,4,434,Champions,2843.09
12677,556,2,395.1,1,1,2,112,Needs Attention,395.1
12678,43,21,34281.18,3,3,4,334,Loyal,34281.18
12679,59,4,1113.02,3,2,3,323,Loyal,1113.02
12680,1,4,880.81,4,2,2,422,Needs Attention,880.81
12681,15,45,30868.28,4,3,4,434,Champions,30868.28
12682,4,52,24033.91,4,3,4,434,Champions,24033.91
12683,5,21,12696.78,4,3,4,434,Champions,12696.78
12684,8,7,2283.63,4,3,3,433,Champions,2283.63
12685,29,6,2863.08,3,3,4,334,Loyal,2863.08
12686,372,1,178.28,2,1,1,211,Lost,178.28
12687,481,2,2138.91,1,1,3,113,Needs Attention,2138.91
12688,114,1,4873.81,2,1,4,214,Needs Attention,4873.81
12689,26,2,1247.61,4,1,3,413,Loyal,1247.61
12690,206,1,389.01,2,1,2,212,Needs Attention,389.01
12691,29,7,1170.4,3,3,3,333,Loyal,1170.4
12692,638,1,110.95,1,1,1,111,Lost,110.95
12693,128,7,1703.02,2,3,3,233,At Risk,1703.02
12694,71,3,1843.35,3,2,3,323,Loyal,1843.35
12695,8,7,1407.12,4,3,3,433,Champions,1407.12
12696,435,2,851.91,1,1,2,112,Needs Attention,851.91
12697,29,3,957.59,3,2,3,323,Loyal,957.59
12698,591,1,339.75,1,1,1,111,Lost,339.75
12699,418,1,638.11,1,1,2,112,Needs Attention,638.11
12700,8,4,4939.99,4,2,4,424,Champions,4939.99
12701,80,6,2446.41,3,3,4,334,Loyal,2446.41
12702,20,1,219.0,4,1,1,411,Needs Attention,219.0
12703,72,4,1006.53,3,2,3,323,Loyal,1006.53
12704,8,8,2340.84,4,3,4,434,Champions,2340.84
12705,16,14,11762.1,4,3,4,434,Champions,11762.1
12707,292,1,603.42,2,1,2,212,Needs Attention,603.42
12708,30,18,5314.1,3,3,4,334,Loyal,5314.1
12709,16,34,31093.34,4,3,4,434,Champions,31093.34
12710,97,3,1149.02,2,2,3,223,At Risk,1149.02
12711,612,2,1339.05,1,1,3,113,Needs Attention,1339.05
12712,29,21,7193.66,3,3,4,334,Loyal,7193.66
12713,1,1,848.55,4,1,2,412,Needs Attention,848.55
12714,10,12,14093.71,4,3,4,434,Champions,14093.71
12715,107,1,353.86,2,1,2,212,Needs Attention,353.86
12716,4,2,1053.49,4,1,3,413,Loyal,1053.49
12717,152,3,1308.91,2,2,3,223,At Risk,1308.91
12718,72,1,238.25,3,1,1,311,Needs Attention,238.25
12719,6,2,644.95,4,1,2,412,Needs Attention,644.95
12720,3,30,8260.67,4,3,4,434,Champions,8260.67
12721,32,8,4013.08,3,3,4,334,Loyal,4013.08
12722,86,4,997.63,3,2,3,323,Loyal,997.63
12723,4,5,725.07,4,2,2,422,Needs Attention,725.07
12724,6,7,2317.52,4,3,4,434,Champions,2317.52
12725,372,4,2694.56,2,2,4,224,At Risk,2694.56
12726,29,11,4014.6,3,3,4,334,Loyal,4014.6
12727,11,10,5679.53,4,3,4,434,Champions,5679.53
12728,72,5,1070.17,3,2,3,323,Loyal,1070.17
12729,114,1,453.01,2,1,2,212,Needs Attention,453.01
12730,522,1,829.25,1,1,2,112,Needs Attention,829.25
12731,24,17,25775.71,4,3,4,434,Champions,25775.71
12732,180,1,236.26,2,1,1,211,Lost,236.26
12733,235,4,2424.87,2,2,4,224,At Risk,2424.87
12734,353,3,639.65,2,2,2,222,At Risk,639.65
12735,316,2,779.57,2,1,2,212,Needs Attention,779.57
12736,333,1,234.0,2,1,1,211,Lost,234.0
12737,499,2,3710.5,1,1,4,114,Needs Attention,3710.5
12738,373,1,310.7,2,1,1,211,Lost,310.7
12739,79,4,2726.73,3,2,4,324,Loyal,2726.73
12740,64,1,427.6,3,1,2,312,Needs Attention,427.6
12741,530,2,406.07,1,1,2,112,Needs Attention,406.07
12742,626,1,1201.52,1,1,3,113,Needs Attention,1201.52
12743,135,2,546.43,2,1,2,212,Needs Attention,546.43
12744,52,11,25317.06,3,3,4,334,Loyal,25317.06
12745,487,3,925.41,1,2,3,123,At Risk,925.41
12746,541,1,254.55,1,1,1,111,Lost,254.55
12747,3,26,9276.54,4,3,4,434,Champions,9276.54
12748,1,336,56599.39,4,3,4,434,Champions,56599.39
12749,4,9,6897.36,4,3,4,434,Champions,6897.36
12750,129,1,275.88,2,1,1,211,Lost,275.88
12751,445,1,268.27,1,1,1,111,Lost,268.27
12752,82,1,4366.78,3,1,4,314,Loyal,4366.78
12753,23,6,21429.39,4,3,4,434,Champions,21429.39
12754,236,3,3010.74,2,2,4,224,At Risk,3010.74
12755,281,11,9030.66,2,3,4,234,At Risk,9030.66
12756,87,1,112.08,3,1,1,311,Needs Attention,112.08
12757,16,13,7857.1,4,3,4,434,Champions,7857.1
12758,117,7,9903.24,2,3,4,234,At Risk,9903.24
12759,53,8,5020.74,3,3,4,334,Loyal,5020.74
12760,456,1,347.8,1,1,1,111,Lost,347.8
12761,458,2,782.95,1,1,2,112,Needs Attention,782.95
12762,8,2,1898.52,4,1,3,413,Loyal,1898.52
12763,139,2,814.16,2,1,2,212,Needs Attention,814.16
12764,317,1,1693.88,2,1,3,213,Needs Attention,1693.88
12765,473,6,1404.58,1,3,3,133,At Risk,1404.58
12766,4,9,10068.28,4,3,4,434,Champions,10068.28
12767,376,1,949.82,2,1,3,213,Needs Attention,949.82
12768,451,1,168.69,1,1,1,111,Lost,168.69
12769,239,1,1143.6,2,1,3,213,Needs Attention,1143.6
12770,211,2,3246.45,2,1,4,214,Needs Attention,3246.45
12771,486,1,282.3,1,1,1,111,Lost,282.3
12772,60,1,892.47,3,1,2,312,Needs Attention,892.47
12773,565,1,124.25,1,1,1,111,Lost,124.25
12774,536,1,98.7,1,1,1,111,Lost,98.7
12775,18,7,1686.12,4,3,3,433,Champions,1686.12
12776,668,1,55.5,1,1,1,111,Lost,55.5
12777,458,1,519.45,1,1,2,112,Needs Attention,519.45
12778,20,9,1775.68,4,3,3,433,Champions,1775.68
12779,38,14,6722.27,3,3,4,334,Loyal,6722.27
12780,599,1,337.4,1,1,1,111,Lost,337.4
12781,64,2,826.74,3,1,2,312,Needs Attention,826.74
12782,5,11,4618.24,4,3,4,434,Champions,4618.24
12783,3,6,2225.91,4,3,3,433,Champions,2225.91
12784,10,3,1804.75,4,2,3,423,Champions,1804.75
12785,365,3,1100.4,2,2,3,223,At Risk,1100.4
12786,610,1,728.5,1,1,2,112,Needs Attention,728.5
12787,10,4,862.18,4,2,2,422,Needs Attention,862.18
12788,464,4,444.9,1,2,2,122,At Risk,444.9
12789,66,3,273.35,3,2,1,321,Needs Attention,273.35
12790,193,2,591.85,2,1,2,212,Needs Attention,591.85
12791,374,6,1056.11,2,3,3,233,At Risk,1056.11
12792,257,2,827.01,2,1,2,212,Needs Attention,827.01
12793,335,3,1017.33,2,2,3,223,At Risk,1017.33
12794,54,2,860.41,3,1,2,312,Needs Attention,860.41
12795,19,1,430.48,4,1,2,412,Needs Attention,430.48
12796,629,1,381.0,1,1,2,112,Needs Attention,381.0
12797,366,2,806.11,2,1,2,212,Needs Attention,806.11
12798,11,4,8510.93,4,2,4,424,Champions,8510.93
12799,530,1,219.35,1,1,1,111,Lost,219.35
12800,471,3,584.25,1,2,2,122,At Risk,584.25
12801,501,1,1071.82,1,1,3,113,Needs Attention,1071.82
12802,187,7,2416.42,2,3,4,234,At Risk,2416.42
12803,394,1,1092.81,1,1,3,113,Needs Attention,1092.81
12804,466,2,327.02,1,1,1,111,Lost,327.02
12805,382,4,1434.95,1,2,3,123,At Risk,1434.95
12806,436,4,2878.96,1,2,4,124,At Risk,2878.96
12807,384,1,330.35,1,1,1,111,Lost,330.35
12808,37,5,906.1,3,2,3,323,Loyal,906.1
12809,178,3,1755.94,2,2,3,223,At Risk,1755.94
12810,535,2,534.99,1,1,2,112,Needs Attention,534.99
12811,261,5,1033.9,2,2,3,223,At Risk,1033.9
12812,45,1,229.64,3,1,1,311,Needs Attention,229.64
12813,502,3,1687.8,1,2,3,123,At Risk,1687.8
12814,102,1,125.92,2,1,1,211,Lost,125.92
12815,148,2,1063.46,2,1,3,213,Needs Attention,1063.46
12816,96,2,572.2,3,1,2,312,Needs Attention,572.2
12817,282,3,690.98,2,2,2,222,At Risk,690.98
12818,262,1,1542.08,2,1,3,213,Needs Attention,1542.08
12819,459,1,540.52,1,1,2,112,Needs Attention,540.52
12820,4,11,2689.52,4,3,4,434,Champions,2689.52
12821,215,2,220.8,2,1,1,211,Lost,220.8
12822,71,2,948.88,3,1,3,313,Loyal,948.88
12823,75,18,6501.5,3,3,4,334,Loyal,6501.5
12824,60,1,397.12,3,1,2,312,Needs Attention,397.12
12825,522,2,518.63,1,1,2,112,Needs Attention,518.63
12826,3,12,2955.75,4,3,4,434,Champions,2955.75
12827,6,3,430.15,4,2,2,422,Needs Attention,430.15
12828,3,6,1018.71,4,3,3,433,Champions,1018.71
12829,337,3,385.3,2,2,2,222,At Risk,385.3
12830,38,6,6814.64,3,3,4,334,Loyal,6814.64
12831,263,3,451.11,2,2,2,222,At Risk,451.11
12832,33,2,383.03,3,1,2,312,Needs Attention,383.03
12833,146,1,417.38,2,1,2,212,Needs Attention,417.38
12834,283,1,312.38,2,1,1,211,Lost,312.38
12835,428,41,6043.31,1,3,4,134,At Risk,6043.31
12836,60,15,6585.62,3,3,4,334,Loyal,6585.62
12837,174,2,688.41,2,1,2,212,Needs Attention,688.41
12838,34,10,3398.48,3,3,4,334,Loyal,3398.48
12839,3,26,10071.73,4,3,4,434,Champions,10071.73
12840,144,7,4041.97,2,3,4,234,At Risk,4041.97
12841,5,40,7540.68,4,3,4,434,Champions,7540.68
12842,71,4,1917.99,3,2,3,323,Loyal,1917.99
12843,66,30,6588.41,3,3,4,334,Loyal,6588.41
12844,30,4,648.6,3,2,2,322,Needs Attention,648.6
12845,268,4,354.09,2,2,2,222,At Risk,354.09
12846,683,1,15.58,1,1,1,111,Lost,15.58
12847,23,2,1636.9,4,1,3,413,Loyal,1636.9
12848,676,1,208.0,1,1,1,111,Lost,208.0
12849,32,6,3090.56,3,3,4,334,Loyal,3090.56
12850,446,1,330.0,1,1,1,111,Lost,330.0
12851,97,2,284.13,2,1,1,211,Lost,284.13
12852,295,1,311.55,2,1,1,211,Lost,311.55
12853,135,11,3907.5,2,3,4,234,At Risk,3907.5
12854,79,7,2994.02,3,3,4,334,Loyal,2994.02
12855,373,4,650.94,2,2,2,222,At Risk,650.94
12856,8,6,2179.93,4,3,3,433,Champions,2179.93
12857,211,6,3688.0,2,3,4,234,At Risk,3688.0
12858,384,1,177.92,1,1,1,111,Lost,177.92
12859,459,1,575.1,1,1,2,112,Needs Attention,575.1
12860,694,1,55.47,1,1,1,111,Lost,55.47
12861,620,1,68.25,1,1,1,111,Lost,68.25
12862,426,2,1008.32,1,1,3,113,Needs Attention,1008.32
12863,53,6,2792.55,3,3,4,334,Loyal,2792.55
12864,139,2,299.57,2,1,1,211,Lost,299.57
12865,27,4,3323.47,3,2,4,324,Loyal,3323.47
12866,284,3,1227.35,2,2,3,223,At Risk,1227.35
12867,27,13,7913.29,3,3,4,334,Loyal,7913.29
12868,186,8,2247.06,2,3,3,233,At Risk,2247.06
12869,682,1,337.67,1,1,1,111,Lost,337.67
12870,376,3,1676.95,2,2,3,223,At Risk,1676.95
12871,85,3,744.02,3,2,2,322,Needs Attention,744.02
12872,327,12,3685.49,2,3,4,234,At Risk,3685.49
12873,283,3,2027.3,2,2,3,223,At Risk,2027.3
12874,386,2,948.42,1,1,3,113,Needs Attention,948.42
12875,144,5,1356.99,2,2,3,223,At Risk,1356.99
12876,58,4,4081.79,3,2,4,324,Loyal,4081.79
12877,4,20,2955.17,4,3,4,434,Champions,2955.17
12878,237,2,854.99,2,1,2,212,Needs Attention,854.99
12879,45,3,573.22,3,2,2,322,Needs Attention,573.22
12880,382,2,640.13,1,1,2,112,Needs Attention,640.13
12881,276,1,298.0,2,1,1,211,Lost,298.0
12882,10,2,1463.04,4,1,3,413,Loyal,1463.04
12883,25,4,703.47,4,2,2,422,Needs Attention,703.47
12884,89,1,309.05,3,1,1,311,Needs Attention,309.05
12885,64,3,1175.22,3,2,3,323,Loyal,1175.22
12886,68,2,1378.4,3,1,3,313,Loyal,1378.4
12887,384,1,222.4,1,1,1,111,Lost,222.4
12888,215,2,354.12,2,1,2,212,Needs Attention,354.12
12889,382,4,385.46,1,2,2,122,At Risk,385.46
12890,25,2,717.27,4,1,2,412,Needs Attention,717.27
12891,186,11,840.5,2,3,2,232,At Risk,840.5
12892,397,1,263.38,1,1,1,111,Lost,263.38
12893,31,1,188.14,3,1,1,311,Needs Attention,188.14
12894,576,1,157.35,1,1,1,111,Lost,157.35
12895,43,2,372.8,3,1,2,312,Needs Attention,372.8
12897,205,4,514.25,2,2,2,222,At Risk,514.25
12898,464,2,310.96,1,1,1,111,Lost,310.96
12899,414,1,366.4,1,1,2,112,Needs Attention,366.4
12900,423,1,340.33,1,1,1,111,Lost,340.33
12901,9,28,17654.54,4,3,4,434,Champions,17654.54
12902,265,1,138.68,2,1,1,211,Lost,138.68
12903,429,1,833.53,1,1,2,112,Needs Attention,833.53
12904,19,2,509.58,4,1,2,412,Needs Attention,509.58
12905,577,2,1018.42,1,1,3,113,Needs Attention,1018.42
12906,12,5,2919.81,4,2,4,424,Champions,2919.81
12907,396,2,508.91,1,1,2,112,Needs Attention,508.91
12908,177,5,1776.0,2,2,3,223,At Risk,1776.0
12909,40,8,3103.19,3,3,4,334,Loyal,3103.19
12910,24,13,5796.52,4,3,4,434,Champions,5796.52
12911,552,1,1680.47,1,1,3,113,Needs Attention,1680.47
12912,3,5,1662.3,4,2,3,423,Champions,1662.3
12913,5,13,6700.86,4,3,4,434,Champions,6700.86
12914,401,1,223.98,1,1,1,111,Lost,223.98
12915,149,4,1174.75,2,2,3,223,At Risk,1174.75
12916,139,7,4654.02,2,3,4,234,At Risk,4654.02
12917,129,6,4359.2,2,3,4,234,At Risk,4359.2
12918,627,1,10953.5,1,1,4,114,Needs Attention,10953.5
12919,9,6,1335.19,4,3,3,433,Champions,1335.19
12920,18,4,488.09,4,2,2,422,Needs Attention,488.09
12921,10,74,35921.04,4,3,4,434,Champions,35921.04
12922,162,1,405.38,2,1,2,212,Needs Attention,405.38
12923,65,3,789.87,3,2,2,322,Needs Attention,789.87
12924,89,12,2469.4,3,3,4,334,Loyal,2469.4
12925,5,3,729.33,4,2,2,422,Needs Attention,729.33
12926,412,4,1548.46,1,2,3,123,At Risk,1548.46
12927,395,1,197.31,1,1,1,111,Lost,197.31
12928,36,12,4304.89,3,3,4,334,Loyal,4304.89
12929,312,1,117.85,2,1,1,211,Lost,117.85
12930,79,2,415.8,3,1,2,312,Needs Attention,415.8
12931,22,57,92347.34,4,3,4,434,Champions,92347.34
12932,540,8,1698.56,1,3,3,133,At Risk,1698.56
12933,25,8,1687.03,4,3,3,433,Champions,1687.03
12934,737,1,181.65,1,1,1,111,Lost,181.65
12935,3,15,4243.86,4,3,4,434,Champions,4243.86
12936,18,4,1063.9,4,2,3,423,Champions,1063.9
12937,16,9,3097.61,4,3,4,434,Champions,3097.61
12938,26,1,114.14,4,1,1,411,Needs Attention,114.14
12939,65,20,25264.8,3,3,4,334,Loyal,25264.8
12940,55,2,913.54,3,1,3,313,Loyal,913.54
12941,725,1,377.49,1,1,2,112,Needs Attention,377.49
12942,132,3,942.65,2,2,3,223,At Risk,942.65
12943,559,2,496.5,1,1,2,112,Needs Attention,496.5
12944,36,2,604.51,3,1,2,312,Needs Attention,604.51
12945,289,2,900.11,2,1,3,213,Needs Attention,900.11
12946,437,1,324.45,1,1,1,111,Lost,324.45
12947,144,6,1908.03,2,3,3,233,At Risk,1908.03
12948,17,9,2317.43,4,3,4,434,Champions,2317.43
12949,31,22,15526.7,3,3,4,334,Loyal,15526.7
12950,3,3,1843.0,4,2,3,423,Champions,1843.0
12951,9,15,3213.72,4,3,4,434,Champions,3213.72
12952,6,4,1387.79,4,2,3,423,Champions,1387.79
12953,10,2,828.81,4,1,2,412,Needs Attention,828.81
12954,639,1,162.45,1,1,1,111,Lost,162.45
12955,2,11,4757.16,4,3,4,434,Champions,4757.16
12956,307,4,521.89,2,2,2,222,At Risk,521.89
12957,10,13,8706.97,4,3,4,434,Champions,8706.97
12958,401,2,539.49,1,1,2,112,Needs Attention,539.49
12959,485,1,150.95,1,1,1,111,Lost,150.95
12960,414,4,1322.07,1,2,3,123,At Risk,1322.07
12961,380,1,211.99,2,1,1,211,Lost,211.99
12962,8,2,266.39,4,1,1,411,Needs Attention,266.39
12963,9,12,3601.59,4,3,4,434,Champions,3601.59
12964,438,1,132.24,1,1,1,111,Lost,132.24
12965,90,1,771.91,3,1,2,312,Needs Attention,771.91
12966,10,1,160.18,4,1,1,411,Needs Attention,160.18
12967,359,3,4306.92,2,2,4,224,At Risk,4306.92
12968,113,1,135.95,2,1,1,211,Lost,135.95
12969,603,1,122.45,1,1,1,111,Lost,122.45
12970,8,10,1524.97,4,3,3,433,Champions,1524.97
12971,4,116,15972.79,4,3,4,434,Champions,15972.79
12972,414,4,1161.2,1,2,3,123,At Risk,1161.2
12973,414,1,385.55,1,1,2,112,Needs Attention,385.55
12974,198,2,408.95,2,1,2,212,Needs Attention,408.95
12975,437,6,2100.09,1,3,3,133,At Risk,2100.09
12976,212,8,3156.38,2,3,4,234,At Risk,3156.38
12977,157,4,517.63,2,2,2,222,At Risk,517.63
12978,386,5,2502.82,1,2,4,124,At Risk,2502.82
12979,730,1,517.7,1,1,2,112,Needs Attention,517.7
12980,158,21,16245.78,2,3,4,234,At Risk,16245.78
12981,30,2,372.22,3,1,2,312,Needs Attention,372.22
12982,243,8,2744.81,2,3,4,234,At Risk,2744.81
12983,599,1,490.08,1,1,2,112,Needs Attention,490.08
12984,19,1,97.5,4,1,1,411,Needs Attention,97.5
12985,1,2,1239.38,4,1,3,413,Loyal,1239.38
12986,429,10,2729.84,1,3,4,134,At Risk,2729.84
12987,74,5,1312.21,3,2,3,323,Loyal,1312.21
12988,293,1,535.32,2,1,2,212,Needs Attention,535.32
12989,4,33,13551.75,4,3,4,434,Champions,13551.75
12990,32,7,955.5,3,3,3,333,Loyal,955.5
12991,24,3,764.82,4,2,2,422,Needs Attention,764.82
12992,726,1,93.35,1,1,1,111,Lost,93.35
12993,24,8,1259.63,4,3,3,433,Champions,1259.63
12994,5,3,974.42,4,2,3,423,Champions,974.42
12995,86,1,211.32,3,1,1,311,Needs Attention,211.32
12996,376,1,355.5,2,1,2,212,Needs Attention,355.5
12997,23,8,2110.91,4,3,3,433,Champions,2110.91
12998,493,3,920.08,1,2,3,123,At Risk,920.08
12999,197,3,455.88,2,2,2,222,At Risk,455.88
13000,107,4,1032.5,2,2,3,223,At Risk,1032.5
13001,5,33,24172.1,4,3,4,434,Champions,24172.1
13002,319,3,414.13,2,2,2,222,At Risk,414.13
13003,106,3,149.05,2,2,1,221,Needs Attention,149.05
13004,12,36,11650.85,4,3,4,434,Champions,11650.85
13005,174,4,999.68,2,2,3,223,At Risk,999.68
13006,57,1,81.57,3,1,1,311,Needs Attention,81.57
13007,580,1,175.25,1,1,1,111,Lost,175.25
13008,324,3,612.13,2,2,2,222,At Risk,612.13
13009,673,1,234.0,1,1,1,111,Lost,234.0
13010,375,2,330.12,2,1,1,211,Lost,330.12
13011,373,1,101.1,2,1,1,211,Lost,101.1
13012,10,11,2972.83,4,3,4,434,Champions,2972.83
13013,2,29,12625.77,4,3,4,434,Champions,12625.77
13014,11,11,5381.08,4,3,4,434,Champions,5381.08
13015,54,11,6586.42,3,3,4,334,Loyal,6586.42
13016,74,3,789.89,3,2,2,322,Needs Attention,789.89
13017,8,1,204.0,4,1,1,411,Needs Attention,204.0
13018,17,35,9763.16,4,3,4,434,Champions,9763.16
13019,380,6,1229.95,2,3,3,233,At Risk,1229.95
13020,563,2,618.96,1,1,2,112,Needs Attention,618.96
13021,5,17,4887.24,4,3,4,434,Champions,4887.24
13022,430,1,65.3,1,1,1,111,Lost,65.3
13023,65,3,1449.03,3,2,3,323,Loyal,1449.03
13024,471,2,555.87,1,1,2,112,Needs Attention,555.87
13025,732,1,323.39,1,1,1,111,Lost,323.39
13026,2,9,1733.08,4,3,3,433,Champions,1733.08
13027,114,19,17335.2,2,3,4,234,At Risk,17335.2
13028,23,2,661.32,4,1,2,412,Needs Attention,661.32
13029,31,5,1927.3,3,2,3,323,Loyal,1927.3
13030,12,2,1227.22,4,1,3,413,Loyal,1227.22
13031,408,5,3419.27,1,2,4,124,At Risk,3419.27
13032,53,9,2843.55,3,3,4,334,Loyal,2843.55
13033,358,2,220.55,2,1,1,211,Lost,220.55
13034,55,3,922.68,3,2,3,323,Loyal,922.68
13035,74,3,1364.2,3,2,3,323,Loyal,1364.2
13036,685,1,307.1,1,1,1,111,Lost,307.1
13037,139,12,3914.95,2,3,4,234,At Risk,3914.95
13038,81,3,908.46,3,2,3,323,Loyal,908.46
13039,585,4,1010.73,1,2,3,123,At Risk,1010.73
13040,9,2,676.99,4,1,2,412,Needs Attention,676.99
13041,451,4,799.13,1,2,2,122,At Risk,799.13
13042,599,3,1556.54,1,2,3,123,At Risk,1556.54
13043,274,1,516.42,2,1,2,212,Needs Attention,516.42
13044,292,11,4853.9,2,3,4,234,At Risk,4853.9
13045,100,3,808.92,2,2,2,222,At Risk,808.92
13046,31,3,949.25,3,2,3,323,Loyal,949.25
13047,32,24,8795.16,3,3,4,334,Loyal,8795.16
13048,15,9,4084.21,4,3,4,434,Champions,4084.21
13049,65,4,1408.24,3,2,3,323,Loyal,1408.24
13050,15,35,12344.53,4,3,4,434,Champions,12344.53
13051,579,2,155.8,1,1,1,111,Lost,155.8
13052,213,7,3168.53,2,3,4,234,At Risk,3168.53
13053,622,1,127.65,1,1,1,111,Lost,127.65
13055,79,4,2321.11,3,2,4,324,Loyal,2321.11
13056,552,1,209.48,1,1,1,111,Lost,209.48
13057,531,3,722.09,1,2,2,122,At Risk,722.09
13058,25,3,271.4,4,2,1,421,Needs Attention,271.4
13059,250,10,2303.17,2,3,3,233,At Risk,2303.17
13060,254,1,307.53,2,1,1,211,Lost,307.53
13061,73,1,248.61,3,1,1,311,Needs Attention,248.61
13062,192,1,346.98,2,1,1,211,Lost,346.98
13063,481,1,188.4,1,1,1,111,Lost,188.4
13064,13,6,1680.74,4,3,3,433,Champions,1680.74
13065,374,5,1260.91,2,2,3,223,At Risk,1260.91
13066,25,2,470.8,4,1,2,412,Needs Attention,470.8
13067,83,3,508.51,3,2,2,322,Needs Attention,508.51
13068,11,2,344.0,4,1,1,411,Needs Attention,344.0
13069,1,38,9683.13,4,3,4,434,Champions,9683.13
13070,193,4,751.7,2,2,2,222,At Risk,751.7
13071,613,1,129.22,1,1,1,111,Lost,129.22
13072,267,1,177.15,2,1,1,211,Lost,177.15
13073,412,2,418.08,1,1,2,112,Needs Attention,418.08
13074,512,4,1378.74,1,2,3,123,At Risk,1378.74
13075,130,1,919.61,2,1,3,213,Needs Attention,919.61
13076,458,1,135.4,1,1,1,111,Lost,135.4
13077,2,11,3064.67,4,3,4,434,Champions,3064.67
13078,4,57,29532.45,4,3,4,434,Champions,29532.45
13079,5,6,419.18,4,3,2,432,Needs Attention,419.18
13080,180,4,280.73,2,2,1,221,Needs Attention,280.73
13081,12,28,59205.15,4,3,4,434,Champions,59205.15
13082,127,21,7335.75,2,3,4,234,At Risk,7335.75
13083,5,3,395.43,4,2,2,422,Needs Attention,395.43
13084,492,1,122.4,1,1,1,111,Lost,122.4
13085,158,8,2433.28,2,3,4,234,At Risk,2433.28
13086,383,1,439.33,1,1,2,112,Needs Attention,439.33
13087,727,1,313.64,1,1,1,111,Lost,313.64
13088,418,1,236.11,1,1,1,111,Lost,236.11
13089,3,203,116737.86,4,3,4,434,Champions,116737.86
13090,9,24,14103.09,4,3,4,434,Champions,14103.09
13091,29,3,2321.82,3,2,4,324,Loyal,2321.82
13092,71,12,2140.28,3,3,3,333,Loyal,2140.28
13093,276,55,54943.65,2,3,4,234,At Risk,54943.65
13094,22,13,2433.12,4,3,4,434,Champions,2433.12
13095,71,1,74.4,3,1,1,311,Needs Attention,74.4
13096,395,1,419.7,1,1,2,112,Needs Attention,419.7
13097,33,28,13389.22,3,3,4,334,Loyal,13389.22
13098,2,28,28882.44,4,3,4,434,Champions,28882.44
13099,100,1,207.36,2,1,1,211,Lost,207.36
13101,235,4,695.4,2,2,2,222,At Risk,695.4
13102,2,37,11696.92,4,3,4,434,Champions,11696.92
13103,40,3,709.64,3,2,2,322,Needs Attention,709.64
13104,4,9,1709.1,4,3,3,433,Champions,1709.1
13105,437,1,72.0,1,1,1,111,Lost,72.0
13106,134,2,603.46,2,1,2,212,Needs Attention,603.46
13107,45,9,5253.07,3,3,4,334,Loyal,5253.07
13108,373,2,1098.52,2,1,3,213,Needs Attention,1098.52
13109,60,3,1134.03,3,2,3,323,Loyal,1134.03
13110,32,12,2957.47,3,3,4,334,Loyal,2957.47
13111,719,1,321.88,1,1,1,111,Lost,321.88
13112,542,1,20.6,1,1,1,111,Lost,20.6
13113,1,37,18625.73,4,3,4,434,Champions,18625.73
13114,731,1,234.38,1,1,1,111,Lost,234.38
13115,12,10,5494.7,4,3,4,434,Champions,5494.7
13116,139,1,501.14,2,1,2,212,Needs Attention,501.14
13117,22,18,2643.81,4,3,4,434,Champions,2643.81
13118,20,9,2415.41,4,3,4,434,Champions,2415.41
13119,669,1,134.9,1,1,1,111,Lost,134.9
13120,239,1,30.6,2,1,1,211,Lost,30.6
13121,270,1,283.73,2,1,1,211,Lost,283.73
13122,95,2,922.39,3,1,3,313,Loyal,922.39
13123,473,2,506.75,1,1,2,112,Needs Attention,506.75
13124,90,4,4782.45,3,2,4,324,Loyal,4782.45
13125,524,1,158.57,1,1,1,111,Lost,158.57
13126,5,13,3998.25,4,3,4,434,Champions,3998.25
13127,78,1,259.17,3,1,1,311,Needs Attention,259.17
13128,632,1,263.5,1,1,1,111,Lost,263.5
13129,453,2,233.25,1,1,1,111,Lost,233.25
13130,95,1,64.0,3,1,1,311,Needs Attention,64.0
13131,24,7,3313.77,4,3,4,434,Champions,3313.77
13132,262,1,77.3,2,1,1,211,Lost,77.3
13133,274,3,200.45,2,2,1,221,Needs Attention,200.45
13134,86,6,2475.23,3,3,4,334,Loyal,2475.23
13135,197,2,3371.45,2,1,4,214,Needs Attention,3371.45
13136,57,13,6274.56,3,3,4,334,Loyal,6274.56
13137,11,16,7712.7,4,3,4,434,Champions,7712.7
13138,23,7,1467.24,4,3,3,433,Champions,1467.24
13139,17,8,8202.98,4,3,4,434,Champions,8202.98
13140,109,5,1215.68,2,2,3,223,At Risk,1215.68
13141,85,17,7668.58,3,3,4,334,Loyal,7668.58
13142,20,1,307.09,4,1,1,411,Needs Attention,307.09
13143,585,1,405.1,1,1,2,112,Needs Attention,405.1
13144,333,2,135.35,2,1,1,211,Lost,135.35
13145,40,7,1423.52,3,3,3,333,Loyal,1423.52
13146,27,1,228.91,3,1,1,311,Needs Attention,228.91
13147,11,4,712.8,4,2,2,422,Needs Attention,712.8
13148,30,26,8621.81,3,3,4,334,Loyal,8621.81
13149,15,4,1676.06,4,2,3,423,Champions,1676.06
13150,485,3,449.97,1,2,2,122,At Risk,449.97
13151,296,3,2580.74,2,2,4,224,At Risk,2580.74
13152,418,7,2146.38,1,3,3,133,At Risk,2146.38
13153,6,1,486.22,4,1,2,412,Needs Attention,486.22
13154,400,3,1624.84,1,2,3,123,At Risk,1624.84
13155,34,6,1750.18,3,3,3,333,Loyal,1750.18
13156,386,3,1586.54,1,2,3,123,At Risk,1586.54
13157,50,9,5687.36,3,3,4,334,Loyal,5687.36
13158,95,5,1508.18,3,2,3,323,Loyal,1508.18
13159,9,4,1437.85,4,2,3,423,Champions,1437.85
13160,23,1,91.8,4,1,1,411,Needs Attention,91.8
13161,314,2,478.88,2,1,2,212,Needs Attention,478.88
13162,123,16,9275.49,2,3,4,234,At Risk,9275.49
13163,611,1,17.65,1,1,1,111,Lost,17.65
13164,570,2,372.2,1,1,2,112,Needs Attention,372.2
13165,47,3,1451.16,3,2,3,323,Loyal,1451.16
13166,284,2,884.18,2,1,2,212,Needs Attention,884.18
13167,19,5,1125.15,4,2,3,423,Champions,1125.15
13168,37,5,1875.31,3,2,3,323,Loyal,1875.31
13169,64,3,840.08,3,2,2,322,Needs Attention,840.08
13170,27,1,116.01,3,1,1,311,Needs Attention,116.01
13171,22,3,468.41,4,2,2,422,Needs Attention,468.41
13172,401,1,69.6,1,1,1,111,Lost,69.6
13173,5,11,2639.35,4,3,4,434,Champions,2639.35
13174,17,12,9494.84,4,3,4,434,Champions,9494.84
13175,583,2,831.45,1,1,2,112,Needs Attention,831.45
13176,47,1,492.84,3,1,2,312,Needs Attention,492.84
13177,65,2,512.2,3,1,2,312,Needs Attention,512.2
13178,27,21,14059.19,3,3,4,334,Loyal,14059.19
13179,619,1,572.31,1,1,2,112,Needs Attention,572.31
13180,608,1,86.1,1,1,1,111,Lost,86.1
13181,382,1,359.69,1,1,2,112,Needs Attention,359.69
13182,46,1,121.18,3,1,1,311,Needs Attention,121.18
13183,8,15,7036.18,4,3,4,434,Champions,7036.18
13184,15,10,1701.29,4,3,3,433,Champions,1701.29
13185,268,1,71.4,2,1,1,211,Lost,71.4
13186,40,3,1575.89,3,2,3,323,Loyal,1575.89
13187,338,4,367.01,2,2,2,222,At Risk,367.01
13188,12,1,114.6,4,1,1,411,Needs Attention,114.6
13189,19,2,260.68,4,1,1,411,Needs Attention,260.68
13190,545,3,570.66,1,2,2,122,At Risk,570.66
13191,659,1,164.69,1,1,1,111,Lost,164.69
13192,96,6,2558.58,3,3,4,334,Loyal,2558.58
13193,62,1,117.88,3,1,1,311,Needs Attention,117.88
13194,136,2,472.78,2,1,2,212,Needs Attention,472.78
13195,415,1,172.38,1,1,1,111,Lost,172.38
13196,12,7,3068.84,4,3,4,434,Champions,3068.84
13197,610,1,373.01,1,1,2,112,Needs Attention,373.01
13198,11,8,4974.23,4,3,4,434,Champions,4974.23
13199,4,67,16432.89,4,3,4,434,Champions,16432.89
13200,20,4,870.09,4,2,2,422,Needs Attention,870.09
13201,503,4,1240.61,1,2,3,123,At Risk,1240.61
13202,395,7,1580.3,1,3,3,133,At Risk,1580.3
13203,10,10,2648.25,4,3,4,434,Champions,2648.25
13204,732,1,966.66,1,1,3,113,Needs Attention,966.66
13205,444,1,2803.2,1,1,4,114,Needs Attention,2803.2
13206,401,13,8377.32,1,3,4,134,At Risk,8377.32
13207,16,4,535.86,4,2,2,422,Needs Attention,535.86
13208,59,9,1988.5,3,3,3,333,Loyal,1988.5
13209,31,13,8509.51,3,3,4,334,Loyal,8509.51
13210,94,1,353.48,3,1,2,312,Needs Attention,353.48
13211,11,10,2729.32,4,3,4,434,Champions,2729.32
13212,20,3,788.08,4,2,2,422,Needs Attention,788.08
13213,57,11,3851.52,3,3,4,334,Loyal,3851.52
13214,418,7,3264.23,1,3,4,134,At Risk,3264.23
13215,403,1,81.6,1,1,1,111,Lost,81.6
13216,268,1,333.74,2,1,1,211,Lost,333.74
13217,123,4,666.48,2,2,2,222,At Risk,666.48
13218,128,1,62.64,2,1,1,211,Lost,62.64
13219,619,1,76.23,1,1,1,111,Lost,76.23
13220,79,5,1336.09,3,2,3,323,Loyal,1336.09
13221,241,2,847.41,2,1,2,212,Needs Attention,847.41
13222,578,1,88.5,1,1,1,111,Lost,88.5
13223,201,6,969.12,2,3,3,233,At Risk,969.12
13224,61,2,2155.95,3,1,3,313,Loyal,2155.95
13225,4,16,16260.07,4,3,4,434,Champions,16260.07
13226,274,2,312.46,2,1,1,211,Lost,312.46
13227,202,1,257.7,2,1,1,211,Lost,257.7
13228,82,1,358.0,3,1,2,312,Needs Attention,358.0
13229,226,1,160.95,2,1,1,211,Lost,160.95
13230,5,30,6360.78,4,3,4,434,Champions,6360.78
13232,13,7,1357.6,4,3,3,433,Champions,1357.6
13233,75,4,1176.46,3,2,3,323,Loyal,1176.46
13234,673,2,356.95,1,1,2,112,Needs Attention,356.95
13235,213,1,1031.07,2,1,3,213,Needs Attention,1031.07
13236,25,2,744.85,4,1,2,412,Needs Attention,744.85
13237,388,1,643.0,1,1,2,112,Needs Attention,643.0
13238,18,6,1006.63,4,3,3,433,Champions,1006.63
13239,262,5,1594.69,2,2,3,223,At Risk,1594.69
13240,97,8,1738.52,2,3,3,233,At Risk,1738.52
13241,412,1,115.58,1,1,1,111,Lost,115.58
13242,113,7,699.4,2,3,2,232,At Risk,699.4
13243,204,5,1278.04,2,2,3,223,At Risk,1278.04
13244,93,1,121.74,3,1,1,311,Needs Attention,121.74
13245,51,2,989.22,3,1,3,313,Loyal,989.22
13246,19,11,3387.43,4,3,4,434,Champions,3387.43
13247,18,4,501.12,4,2,2,422,Needs Attention,501.12
13248,125,2,465.68,2,1,2,212,Needs Attention,465.68
13249,93,9,1608.93,3,3,3,333,Loyal,1608.93
13250,461,2,256.04,1,1,1,111,Lost,256.04
13251,403,1,252.68,1,1,1,111,Lost,252.68
13252,395,2,399.3,1,1,2,112,Needs Attention,399.3
13253,157,4,2951.11,2,2,4,224,At Risk,2951.11
13254,377,1,51.41,2,1,1,211,Lost,51.41
13255,10,3,904.46,4,2,3,423,Champions,904.46
13257,437,1,149.75,1,1,1,111,Lost,149.75
13258,12,5,1035.18,4,2,3,423,Champions,1035.18
13259,62,9,1433.38,3,3,3,333,Loyal,1433.38
13260,62,1,557.62,3,1,2,312,Needs Attention,557.62
13261,269,2,944.1,2,1,3,213,Needs Attention,944.1
13262,264,3,573.45,2,2,2,222,At Risk,573.45
13263,2,39,8704.69,4,3,4,434,Champions,8704.69
13264,443,1,722.56,1,1,2,112,Needs Attention,722.56
13265,54,5,2107.66,3,2,3,323,Loyal,2107.66
13266,12,19,6135.04,4,3,4,434,Champions,6135.04
13267,3,36,9758.26,4,3,4,434,Champions,9758.26
13268,18,11,3214.69,4,3,4,434,Champions,3214.69
13269,2,28,8891.7,4,3,4,434,Champions,8891.7
13270,367,1,1180.0,2,1,3,213,Needs Attention,1180.0
13271,38,1,217.38,3,1,1,311,Needs Attention,217.38
13272,32,2,276.56,3,1,1,311,Needs Attention,276.56
13273,114,1,138.98,2,1,1,211,Lost,138.98
13274,410,1,360.85,1,1,2,112,Needs Attention,360.85
13275,384,2,241.66,1,1,1,111,Lost,241.66
13276,64,5,1939.26,3,2,3,323,Loyal,1939.26
13277,16,7,523.3,4,3,2,432,Needs Attention,523.3
13278,41,4,1435.85,3,2,3,323,Loyal,1435.85
13279,79,1,137.75,3,1,1,311,Needs Attention,137.75
13280,123,7,2322.63,2,3,4,234,At Risk,2322.63
13281,440,1,350.85,1,1,2,112,Needs Attention,350.85
13282,19,4,1313.19,4,2,3,423,Champions,1313.19
13283,60,4,373.36,3,2,2,322,Needs Attention,373.36
13284,331,1,201.19,2,1,1,211,Lost,201.19
13285,24,6,3364.59,4,3,4,434,Champions,3364.59
13286,601,1,734.91,1,1,2,112,Needs Attention,734.91
13287,604,3,781.59,1,2,2,122,At Risk,781.59
13288,444,5,927.61,1,2,3,123,At Risk,927.61
13289,724,1,307.95,1,1,1,111,Lost,307.95
13290,439,1,208.63,1,1,1,111,Lost,208.63
13291,156,11,3320.84,2,3,4,234,At Risk,3320.84
13292,39,5,994.51,3,2,3,323,Loyal,994.51
13293,393,6,1192.94,1,3,3,133,At Risk,1192.94
13294,190,3,1689.53,2,2,3,223,At Risk,1689.53
13295,360,4,1101.97,2,2,3,223,At Risk,1101.97
13296,138,6,792.51,2,3,2,232,At Risk,792.51
13297,8,7,4368.62,4,3,4,434,Champions,4368.62
13298,2,1,360.0,4,1,2,412,Needs Attention,360.0
13299,269,3,1218.7,2,2,3,223,At Risk,1218.7
13300,170,3,1285.51,2,2,3,223,At Risk,1285.51
13301,104,4,618.09,2,2,2,222,At Risk,618.09
13302,156,2,159.2,2,1,1,211,Lost,159.2
13303,401,1,61.72,1,1,1,111,Lost,61.72
13304,352,4,1217.99,2,2,3,223,At Risk,1217.99
13305,5,16,3754.71,4,3,4,434,Champions,3754.71
13306,431,1,53.65,1,1,1,111,Lost,53.65
13307,121,3,273.34,2,2,1,221,Needs Attention,273.34
13308,23,4,1670.37,4,2,3,423,Champions,1670.37
13309,8,6,1706.37,4,3,3,433,Champions,1706.37
13310,29,5,1541.2,3,2,3,323,Loyal,1541.2
13311,5,2,598.57,4,1,2,412,Needs Attention,598.57
13312,452,1,124.75,1,1,1,111,Lost,124.75
13313,23,12,3445.32,4,3,4,434,Champions,3445.32
13314,2,3,775.94,4,2,2,422,Needs Attention,775.94
13315,690,1,310.26,1,1,1,111,Lost,310.26
13316,38,10,13191.57,3,3,4,334,Loyal,13191.57
13317,67,19,6486.09,3,3,4,334,Loyal,6486.09
13318,2,3,640.76,4,2,2,422,Needs Attention,640.76
13319,6,58,22082.5,4,3,4,434,Champions,22082.5
13320,79,6,2228.1,3,3,3,333,Loyal,2228.1
13321,73,2,567.36,3,1,2,312,Needs Attention,567.36
13322,18,1,199.48,4,1,1,411,Needs Attention,199.48
13323,4,5,787.85,4,2,2,422,Needs Attention,787.85
13324,37,18,10513.47,3,3,4,334,Loyal,10513.47
13325,82,1,675.3,3,1,2,312,Needs Attention,675.3
13326,433,1,281.76,1,1,1,111,Lost,281.76
13327,39,20,9879.48,3,3,4,334,Loyal,9879.48
13328,317,1,1308.48,2,1,3,213,Needs Attention,1308.48
13329,32,8,5112.97,3,3,4,334,Loyal,5112.97
13330,93,6,2806.18,3,3,4,334,Loyal,2806.18
13331,402,1,262.4,1,1,1,111,Lost,262.4
13332,15,1,350.9,4,1,2,412,Needs Attention,350.9
13333,412,3,1015.74,1,2,3,123,At Risk,1015.74
13334,83,5,6263.75,3,2,4,324,Loyal,6263.75
13336,78,1,795.12,3,1,2,312,Needs Attention,795.12
13337,547,1,1575.26,1,1,3,113,Needs Attention,1575.26
13338,158,4,2445.62,2,2,4,224,At Risk,2445.62
13339,201,1,860.12,2,1,2,212,Needs Attention,860.12
13340,46,12,22100.56,3,3,4,334,Loyal,22100.56
13341,261,1,775.85,2,1,2,212,Needs Attention,775.85
13343,178,1,353.43,2,1,2,212,Needs Attention,353.43
13344,68,3,2543.72,3,2,4,324,Loyal,2543.72
13345,288,1,389.5,2,1,2,212,Needs Attention,389.5
13346,463,6,299.4,1,3,1,131,Needs Attention,299.4
13347,71,1,341.36,3,1,1,311,Needs Attention,341.36
13348,65,1,233.76,3,1,1,311,Needs Attention,233.76
13349,11,1,247.32,4,1,1,411,Needs Attention,247.32
13350,17,2,979.12,4,1,3,413,Loyal,979.12
13351,67,1,373.94,3,1,2,312,Needs Attention,373.94
13352,61,1,397.98,3,1,2,312,Needs Attention,397.98
13354,72,1,743.53,3,1,2,312,Needs Attention,743.53
13355,123,1,674.7,2,1,2,212,Needs Attention,674.7
13356,81,1,768.24,3,1,2,312,Needs Attention,768.24
13357,258,5,3838.36,2,2,4,224,At Risk,3838.36
13358,269,1,439.03,2,1,2,212,Needs Attention,439.03
13359,64,2,1043.31,3,1,3,313,Loyal,1043.31
13360,432,4,1553.65,1,2,3,123,At Risk,1553.65
13361,473,2,1450.5,1,1,3,113,Needs Attention,1450.5
13362,10,7,5394.07,4,3,4,434,Champions,5394.07
13363,18,3,1723.86,4,2,3,423,Champions,1723.86
13364,72,1,134.96,3,1,1,311,Needs Attention,134.96
13365,34,2,2225.37,3,1,3,313,Loyal,2225.37
13366,51,1,56.16,3,1,1,311,Needs Attention,56.16
13367,432,1,510.2,1,1,2,112,Needs Attention,510.2
13368,257,4,1121.5,2,2,3,223,At Risk,1121.5
13369,366,1,616.56,2,1,2,212,Needs Attention,616.56
13370,372,1,1509.74,2,1,3,213,Needs Attention,1509.74
13371,506,2,2297.66,1,1,3,113,Needs Attention,2297.66
13372,90,1,378.64,3,1,2,312,Needs Attention,378.64
13373,61,6,7587.19,3,3,4,334,Loyal,7587.19
13374,415,2,422.8,1,1,2,112,Needs Attention,422.8
13375,89,2,1792.23,3,1,3,313,Loyal,1792.23
13376,100,3,1019.76,2,2,3,223,At Risk,1019.76
13377,397,2,1552.88,1,1,3,113,Needs Attention,1552.88
13379,27,3,572.56,3,2,2,322,Needs Attention,572.56
13380,433,1,62.4,1,1,1,111,Lost,62.4
13381,32,12,8224.37,3,3,4,334,Loyal,8224.37
13382,281,5,1387.58,2,2,3,223,At Risk,1387.58
13383,544,1,305.28,1,1,1,111,Lost,305.28
13384,31,11,6680.83,3,3,4,334,Loyal,6680.83
13385,330,1,534.57,2,1,2,212,Needs Attention,534.57
13386,415,2,835.46,1,1,2,112,Needs Attention,835.46
13387,418,1,189.44,1,1,1,111,Lost,189.44
13388,132,3,1185.65,2,2,3,223,At Risk,1185.65
13389,12,3,797.96,4,2,2,422,Needs Attention,797.96
13390,75,1,544.08,3,1,2,312,Needs Attention,544.08
13391,204,1,59.8,2,1,1,211,Lost,59.8
13392,678,1,91.14,1,1,1,111,Lost,91.14
13393,584,4,1131.45,1,2,3,123,At Risk,1131.45
13394,2,19,6621.7,4,3,4,434,Champions,6621.7
13395,186,3,1180.23,2,2,3,223,At Risk,1180.23
13396,30,2,1360.99,3,1,3,313,Loyal,1360.99
13397,73,10,3191.87,3,3,4,334,Loyal,3191.87
13398,193,2,670.34,2,1,2,212,Needs Attention,670.34
13399,465,3,275.4,1,2,1,121,Needs Attention,275.4
13400,583,1,310.83,1,1,1,111,Lost,310.83
13402,128,4,1535.13,2,2,3,223,At Risk,1535.13
13403,18,3,229.5,4,2,1,421,Needs Attention,229.5
13404,2,2,252.49,4,1,1,411,Needs Attention,252.49
13405,75,6,1213.81,3,3,3,333,Loyal,1213.81
13406,428,2,568.92,1,1,2,112,Needs Attention,568.92
13407,579,3,2244.7,1,2,3,123,At Risk,2244.7
13408,2,106,51733.46,4,3,4,434,Champions,51733.46
13410,25,9,2201.96,4,3,3,433,Champions,2201.96
13411,108,1,213.55,2,1,1,211,Lost,213.55
13412,621,1,487.35,1,1,2,112,Needs Attention,487.35
13413,640,6,429.44,1,3,2,132,At Risk,429.44
13414,134,6,2494.14,2,3,4,234,At Risk,2494.14
13415,473,4,800.67,1,2,2,122,At Risk,800.67
13416,44,3,940.8,3,2,3,323,Loyal,940.8
13417,5,6,1669.49,4,3,3,433,Champions,1669.49
13418,12,31,12233.6,4,3,4,434,Champions,12233.6
13419,64,1,221.06,3,1,1,311,Needs Attention,221.06
13420,150,2,159.85,2,1,1,211,Lost,159.85
13421,41,8,4103.12,3,3,4,334,Loyal,4103.12
13422,65,1,2626.3,3,1,4,314,Loyal,2626.3
13423,429,1,217.03,1,1,1,111,Lost,217.03
13424,450,1,572.77,1,1,2,112,Needs Attention,572.77
13425,109,5,3403.63,2,2,4,224,At Risk,3403.63
13426,1,22,8167.38,4,3,4,434,Champions,8167.38
13427,20,6,1006.53,4,3,3,433,Champions,1006.53
13428,11,3,499.98,4,2,2,422,Needs Attention,499.98
13429,11,4,1006.8,4,2,3,423,Champions,1006.8
13430,19,2,679.45,4,1,2,412,Needs Attention,679.45
13431,68,8,3316.24,3,3,4,334,Loyal,3316.24
13432,572,2,439.1,1,1,2,112,Needs Attention,439.1
13433,502,4,658.32,1,2,2,122,At Risk,658.32
13434,75,5,1666.86,3,2,3,323,Loyal,1666.86
13435,6,9,4475.23,4,3,4,434,Champions,4475.23
13436,2,1,196.89,4,1,1,411,Needs Attention,196.89
13437,15,7,3408.06,4,3,4,434,Champions,3408.06
13438,548,1,46.5,1,1,1,111,Lost,46.5
13439,256,3,986.61,2,2,3,223,At Risk,986.61
13440,424,7,1295.25,1,3,3,133,At Risk,1295.25
13441,92,2,720.9,3,1,2,312,Needs Attention,720.9
13442,668,3,419.87,1,2,2,122,At Risk,419.87
13443,449,6,1280.16,1,3,3,133,At Risk,1280.16
13444,375,2,631.68,2,1,2,212,Needs Attention,631.68
13445,627,1,241.9,1,1,1,111,Lost,241.9
13446,431,11,3881.89,1,3,4,134,At Risk,3881.89
13447,24,3,1129.14,4,2,3,423,Champions,1129.14
13448,17,13,9240.87,4,3,4,434,Champions,9240.87
13449,24,1,291.88,4,1,1,411,Needs Attention,291.88
13450,27,13,4120.04,3,3,4,334,Loyal,4120.04
13451,27,11,7190.92,3,3,4,334,Loyal,7190.92
13452,260,3,729.8,2,2,2,222,At Risk,729.8
13453,166,3,781.69,2,2,2,222,At Risk,781.69
13454,642,1,219.87,1,1,1,111,Lost,219.87
13455,25,6,2905.93,4,3,4,434,Champions,2905.93
13456,18,6,1766.72,4,3,3,433,Champions,1766.72
13457,689,2,148.22,1,1,1,111,Lost,148.22
13458,8,16,11959.27,4,3,4,434,Champions,11959.27
13459,625,2,1160.41,1,1,3,113,Needs Attention,1160.41
13460,30,2,183.44,3,1,1,311,Needs Attention,183.44
13461,39,6,4160.0,3,3,4,334,Loyal,4160.0
13462,253,5,1153.85,2,2,3,223,At Risk,1153.85
13464,59,6,3097.64,3,3,4,334,Loyal,3097.64
13465,447,2,931.12,1,1,3,113,Needs Attention,931.12
13466,185,5,1013.35,2,2,3,223,At Risk,1013.35
13467,11,2,1083.71,4,1,3,413,Loyal,1083.71
13468,2,72,13390.51,4,3,4,434,Champions,13390.51
13469,654,1,82.4,1,1,1,111,Lost,82.4
13470,100,2,165.0,2,1,1,211,Lost,165.0
13471,2,4,2531.58,4,2,4,424,Champions,2531.58
13472,464,2,592.24,1,1,2,112,Needs Attention,592.24
13473,61,8,2657.76,3,3,4,334,Loyal,2657.76
13474,237,3,663.79,2,2,2,222,At Risk,663.79
13475,192,4,1431.78,2,2,3,223,At Risk,1431.78
13476,179,5,2061.47,2,2,3,223,At Risk,2061.47
13477,38,11,2834.17,3,3,4,334,Loyal,2834.17
13478,470,5,2215.78,1,2,3,123,At Risk,2215.78
13479,201,4,851.37,2,2,2,222,At Risk,851.37
13480,417,2,627.82,1,1,2,112,Needs Attention,627.82
13481,46,11,3830.84,3,3,4,334,Loyal,3830.84
13482,233,2,336.09,2,1,1,211,Lost,336.09
13483,66,1,140.34,3,1,1,311,Needs Attention,140.34
13484,242,3,790.72,2,2,2,222,At Risk,790.72
13485,234,11,3019.22,2,3,4,234,At Risk,3019.22
13486,79,3,1122.41,3,2,3,323,Loyal,1122.41
13487,58,5,846.87,3,2,2,322,Needs Attention,846.87
13488,18,23,15587.88,4,3,4,434,Champions,15587.88
13489,106,4,449.52,2,2,2,222,At Risk,449.52
13490,655,1,154.25,1,1,1,111,Lost,154.25
13491,52,27,4566.56,3,3,4,334,Loyal,4566.56
13492,137,3,1269.84,2,2,3,223,At Risk,1269.84
13493,276,2,618.63,2,1,2,212,Needs Attention,618.63
13494,312,1,316.26,2,1,1,211,Lost,316.26
13495,8,10,5374.26,4,3,4,434,Champions,5374.26
13496,11,2,653.33,4,1,2,412,Needs Attention,653.33
13497,283,6,1320.33,2,3,3,233,At Risk,1320.33
13498,731,1,327.38,1,1,1,111,Lost,327.38
13499,18,5,1159.11,4,2,3,423,Champions,1159.11
13500,24,4,1466.3,4,2,3,423,Champions,1466.3
13501,289,3,2885.11,2,2,4,224,At Risk,2885.11
13502,17,5,780.5,4,2,2,422,Needs Attention,780.5
13503,72,6,1905.39,3,3,3,333,Loyal,1905.39
13504,65,1,295.93,3,1,1,311,Needs Attention,295.93
13505,73,4,4393.63,3,2,4,324,Loyal,4393.63
13506,317,5,1639.2,2,2,3,223,At Risk,1639.2
13507,4,4,2479.16,4,2,4,424,Champions,2479.16
13508,244,2,287.05,2,1,1,211,Lost,287.05
13509,9,8,1114.72,4,3,3,433,Champions,1114.72
13510,2,11,4558.29,4,3,4,434,Champions,4558.29
13511,677,1,282.76,1,1,1,111,Lost,282.76
13512,261,4,713.39,2,2,2,222,At Risk,713.39
13513,127,3,824.59,2,2,2,222,At Risk,824.59
13514,74,4,815.9,3,2,2,322,Needs Attention,815.9
13515,73,6,1265.82,3,3,3,333,Loyal,1265.82
13516,22,4,1685.26,4,2,3,423,Champions,1685.26
13517,60,3,2128.42,3,2,3,323,Loyal,2128.42
13518,86,1,659.44,3,1,2,312,Needs Attention,659.44
13519,79,2,343.21,3,1,1,311,Needs Attention,343.21
13520,59,11,6909.4,3,3,4,334,Loyal,6909.4
13521,2,3,1093.65,4,2,3,423,Champions,1093.65
13522,31,1,125.8,3,1,1,311,Needs Attention,125.8
13523,34,6,5101.52,3,3,4,334,Loyal,5101.52
13524,41,5,680.18,3,2,2,322,Needs Attention,680.18
13525,15,2,628.78,4,1,2,412,Needs Attention,628.78
13526,739,2,1182.0,1,1,3,113,Needs Attention,1182.0
13527,34,12,4683.74,3,3,4,334,Loyal,4683.74
13529,79,2,307.76,3,1,1,311,Needs Attention,307.76
13530,635,1,402.98,1,1,2,112,Needs Attention,402.98
13531,206,6,1738.52,2,3,3,233,At Risk,1738.52
13532,34,1,210.31,3,1,1,311,Needs Attention,210.31
13533,183,3,270.79,2,2,1,221,Needs Attention,270.79
13534,3,35,7720.9,4,3,4,434,Champions,7720.9
13535,403,1,89.5,1,1,1,111,Lost,89.5
13536,2,7,3448.29,4,3,4,434,Champions,3448.29
13537,426,2,717.85,1,1,2,112,Needs Attention,717.85
13538,44,12,3112.73,3,3,4,334,Loyal,3112.73
13539,86,7,1569.36,3,3,3,333,Loyal,1569.36
13540,468,3,632.39,1,2,2,122,At Risk,632.39
13541,428,2,785.25,1,1,2,112,Needs Attention,785.25
13542,377,17,4006.17,2,3,4,234,At Risk,4006.17
13543,635,2,1439.61,1,1,3,113,Needs Attention,1439.61
13544,40,6,829.0,3,3,2,332,Needs Attention,829.0
13545,391,2,374.64,1,1,2,112,Needs Attention,374.64
13546,13,5,1092.14,4,2,3,423,Champions,1092.14
13547,409,1,175.53,1,1,1,111,Lost,175.53
13548,97,3,908.99,2,2,3,223,At Risk,908.99
13549,26,8,1005.8,4,3,3,433,Champions,1005.8
13550,384,1,349.51,1,1,2,112,Needs Attention,349.51
13551,320,2,244.2,2,1,1,211,Lost,244.2
13552,67,22,6978.92,3,3,4,334,Loyal,6978.92
13553,675,1,517.8,1,1,2,112,Needs Attention,517.8
13554,381,7,1638.28,1,3,3,133,At Risk,1638.28
13555,74,13,8999.19,3,3,4,334,Loyal,8999.19
13556,430,2,200.82,1,1,1,111,Lost,200.82
13557,29,13,3032.26,3,3,4,334,Loyal,3032.26
13558,6,4,605.06,4,2,2,422,Needs Attention,605.06
13559,513,2,990.0,1,1,3,113,Needs Attention,990.0
13560,8,1,174.37,4,1,1,411,Needs Attention,174.37
13561,216,11,1820.72,2,3,3,233,At Risk,1820.72
13562,82,8,4838.18,3,3,4,334,Loyal,4838.18
13563,85,2,777.53,3,1,2,312,Needs Attention,777.53
13564,145,37,17249.55,2,3,4,234,At Risk,17249.55
13565,20,3,414.8,4,2,2,422,Needs Attention,414.8
13566,41,5,1708.12,3,2,3,323,Loyal,1708.12
13567,429,4,1083.69,1,2,3,123,At Risk,1083.69
13568,174,1,192.85,2,1,1,211,Lost,192.85
13569,18,4,893.78,4,2,2,422,Needs Attention,893.78
13570,244,1,239.49,2,1,1,211,Lost,239.49
13571,13,26,4546.54,4,3,4,434,Champions,4546.54
13572,206,1,1384.25,2,1,3,213,Needs Attention,1384.25
13573,51,6,916.47,3,3,3,333,Loyal,916.47
13574,412,1,421.25,1,1,2,112,Needs Attention,421.25
13575,24,5,732.07,4,2,2,422,Needs Attention,732.07
13576,11,28,11551.74,4,3,4,434,Champions,11551.74
13577,26,11,3489.28,4,3,4,434,Champions,3489.28
13578,410,1,147.66,1,1,1,111,Lost,147.66
13579,15,5,1539.04,4,2,3,423,Champions,1539.04
13580,407,1,107.75,1,1,1,111,Lost,107.75
13581,310,2,280.53,2,1,1,211,Lost,280.53
13582,390,2,241.68,1,1,1,111,Lost,241.68
13583,156,2,1445.03,2,1,3,213,Needs Attention,1445.03
13584,307,3,392.45,2,2,2,222,At Risk,392.45
13585,531,3,684.54,1,2,2,122,At Risk,684.54
13586,542,1,131.53,1,1,1,111,Lost,131.53
13587,64,4,1673.5,3,2,3,323,Loyal,1673.5
13588,16,9,2478.95,4,3,4,434,Champions,2478.95
13589,15,6,1120.74,4,3,3,433,Champions,1120.74
13590,12,18,6349.59,4,3,4,434,Champions,6349.59
13591,65,7,2093.94,3,3,3,333,Loyal,2093.94
13592,36,4,247.96,3,2,1,321,Needs Attention,247.96
13593,109,14,5523.69,2,3,4,234,At Risk,5523.69
13594,53,2,533.32,3,1,2,312,Needs Attention,533.32
13595,517,3,818.22,1,2,2,122,At Risk,818.22
13596,6,2,697.04,4,1,2,412,Needs Attention,697.04
13597,401,2,396.71,1,1,2,112,Needs Attention,396.71
13598,48,5,789.59,3,2,2,322,Needs Attention,789.59
13599,2,33,10167.63,4,3,4,434,Champions,10167.63
13600,313,2,518.42,2,1,2,212,Needs Attention,518.42
13601,46,4,1185.14,3,2,3,323,Loyal,1185.14
13602,65,4,1025.17,3,2,3,323,Loyal,1025.17
13603,27,1,164.34,3,1,1,311,Needs Attention,164.34
13604,659,1,717.62,1,1,2,112,Needs Attention,717.62
13605,388,2,522.67,1,1,2,112,Needs Attention,522.67
13606,30,3,280.54,3,2,1,321,Needs Attention,280.54
13607,41,2,1078.31,3,1,3,313,Loyal,1078.31
13608,541,1,236.2,1,1,1,111,Lost,236.2
13609,594,1,167.35,1,1,1,111,Lost,167.35
13610,13,14,2175.88,4,3,3,433,Champions,2175.88
13611,90,10,3319.53,3,3,4,334,Loyal,3319.53
13612,633,1,818.29,1,1,2,112,Needs Attention,818.29
13613,453,5,1039.85,1,2,3,123,At Risk,1039.85
13614,25,6,2359.19,4,3,4,434,Champions,2359.19
13615,319,8,6272.53,2,3,4,234,At Risk,6272.53
13616,569,2,288.1,1,1,1,111,Lost,288.1
13617,41,8,1278.75,3,3,3,333,Loyal,1278.75
13618,174,1,177.34,2,1,1,211,Lost,177.34
13619,545,2,231.69,1,1,1,111,Lost,231.69
13620,529,1,112.34,1,1,1,111,Lost,112.34
13621,117,1,213.85,2,1,1,211,Lost,213.85
13622,697,1,658.95,1,1,2,112,Needs Attention,658.95
13623,31,10,2566.49,3,3,4,334,Loyal,2566.49
13624,389,1,462.08,1,1,2,112,Needs Attention,462.08
13625,597,1,301.26,1,1,1,111,Lost,301.26
13626,253,2,707.04,2,1,2,212,Needs Attention,707.04
13627,60,7,2245.9,3,3,3,333,Loyal,2245.9
13628,677,1,310.14,1,1,1,111,Lost,310.14
13629,24,19,13370.86,4,3,4,434,Champions,13370.86
13630,6,7,2031.78,4,3,3,433,Champions,2031.78
13631,100,11,3070.42,2,3,4,234,At Risk,3070.42
13632,25,8,3648.15,4,3,4,434,Champions,3648.15
13634,34,16,5073.47,3,3,4,334,Loyal,5073.47
13635,68,4,2999.16,3,2,4,324,Loyal,2999.16
13636,37,5,949.12,3,2,3,323,Loyal,949.12
13637,53,3,810.5,3,2,2,322,Needs Attention,810.5
13638,16,1,122.64,4,1,1,411,Needs Attention,122.64
13639,75,2,1346.27,3,1,3,313,Loyal,1346.27
13640,612,1,405.0,1,1,2,112,Needs Attention,405.0
13641,641,5,1016.47,1,2,3,123,At Risk,1016.47
13642,216,4,514.72,2,2,2,222,At Risk,514.72
13643,32,10,2156.77,3,3,3,333,Loyal,2156.77
13644,17,4,2624.26,4,2,4,424,Champions,2624.26
13645,121,1,252.1,2,1,1,211,Lost,252.1
13646,400,2,326.25,1,1,1,111,Lost,326.25
13647,10,8,3071.68,4,3,4,434,Champions,3071.68
13648,401,8,1764.02,1,3,3,133,At Risk,1764.02
13649,257,6,1678.88,2,3,3,233,At Risk,1678.88
13650,17,10,3288.0,4,3,4,434,Champions,3288.0
13651,36,3,226.85,3,2,1,321,Needs Attention,226.85
13652,46,5,2570.85,3,2,4,324,Loyal,2570.85
13653,488,1,152.2,1,1,1,111,Lost,152.2
13654,44,11,6308.0,3,3,4,334,Loyal,6308.0
13655,115,6,2280.51,2,3,3,233,At Risk,2280.51
13656,165,4,1078.85,2,2,3,223,At Risk,1078.85
13657,11,2,382.14,4,1,2,412,Needs Attention,382.14
13658,10,9,6025.5,4,3,4,434,Champions,6025.5
13659,206,12,4894.88,2,3,4,234,At Risk,4894.88
13660,401,1,314.59,1,1,1,111,Lost,314.59
13661,604,1,325.24,1,1,1,111,Lost,325.24
13662,86,11,2250.11,3,3,3,333,Loyal,2250.11
13663,180,5,2047.51,2,2,3,223,At Risk,2047.51
13665,387,3,1711.66,1,2,3,123,At Risk,1711.66
13666,61,5,127.9,3,2,1,321,Needs Attention,127.9
13667,150,1,305.02,2,1,1,211,Lost,305.02
13668,3,35,13089.94,4,3,4,434,Champions,13089.94
13669,51,3,413.55,3,2,2,322,Needs Attention,413.55
13670,76,1,349.7,3,1,2,312,Needs Attention,349.7
13671,395,1,194.95,1,1,1,111,Lost,194.95
13672,302,3,419.92,2,2,2,222,At Risk,419.92
13673,19,2,396.92,4,1,2,412,Needs Attention,396.92
13674,433,1,240.68,1,1,1,111,Lost,240.68
13675,152,2,486.82,2,1,2,212,Needs Attention,486.82
13676,540,2,243.9,1,1,1,111,Lost,243.9
13677,405,2,556.19,1,1,2,112,Needs Attention,556.19
13678,152,1,232.6,2,1,1,211,Lost,232.6
13679,494,3,281.26,1,2,1,121,Needs Attention,281.26
13680,2,12,11435.67,4,3,4,434,Champions,11435.67
13681,18,4,827.83,4,2,2,422,Needs Attention,827.83
13682,188,1,59.5,2,1,1,211,Lost,59.5
13683,458,1,258.6,1,1,1,111,Lost,258.6
13684,286,4,596.98,2,2,2,222,At Risk,596.98
13685,3,7,3119.44,4,3,4,434,Champions,3119.44
13686,183,3,409.04,2,2,2,222,At Risk,409.04
13687,439,1,11880.84,1,1,4,114,Needs Attention,11880.84
13688,636,1,375.5,1,1,2,112,Needs Attention,375.5
13689,64,2,1259.5,3,1,3,313,Loyal,1259.5
13690,60,1,172.25,3,1,1,311,Needs Attention,172.25
13691,397,1,212.78,1,1,1,111,Lost,212.78
13692,25,5,3114.4,4,2,4,424,Champions,3114.4
13693,375,9,2011.82,2,3,3,233,At Risk,2011.82
13694,4,143,196482.81,4,3,4,434,Champions,196482.81
13695,32,16,2770.73,3,3,4,334,Loyal,2770.73
13696,422,3,2020.4,1,2,3,123,At Risk,2020.4
13697,39,1,151.3,3,1,1,311,Needs Attention,151.3
13698,597,2,465.53,1,1,2,112,Needs Attention,465.53
13699,156,2,764.15,2,1,2,212,Needs Attention,764.15
13700,27,13,2613.46,3,3,4,334,Loyal,2613.46
13701,447,1,161.0,1,1,1,111,Lost,161.0
13702,446,1,135.18,1,1,1,111,Lost,135.18
13703,319,2,425.56,2,1,2,212,Needs Attention,425.56
13704,6,9,2308.06,4,3,4,434,Champions,2308.06
13705,8,7,2035.33,4,3,3,433,Champions,2035.33
13706,303,2,631.17,2,1,2,212,Needs Attention,631.17
13707,268,5,3365.86,2,2,4,224,At Risk,3365.86
13708,272,1,296.88,2,1,1,211,Lost,296.88
13709,4,18,7591.75,4,3,4,434,Champions,7591.75
13710,32,3,509.52,3,2,2,322,Needs Attention,509.52
13711,219,9,1792.26,2,3,3,233,At Risk,1792.26
13712,247,2,766.42,2,1,2,212,Needs Attention,766.42
13713,409,3,743.26,1,2,2,122,At Risk,743.26
13714,466,1,161.35,1,1,1,111,Lost,161.35
13715,282,17,8483.29,2,3,4,234,At Risk,8483.29
13716,270,1,138.28,2,1,1,211,Lost,138.28
13717,33,8,1763.3,3,3,3,333,Loyal,1763.3
13718,247,2,306.55,2,1,1,211,Lost,306.55
13719,16,11,2815.25,4,3,4,434,Champions,2815.25
13720,117,4,799.9,2,2,2,222,At Risk,799.9
13721,37,2,741.54,3,1,2,312,Needs Attention,741.54
13722,132,10,5635.41,2,3,4,234,At Risk,5635.41
13723,218,6,1209.2,2,3,3,233,At Risk,1209.2
13724,638,1,213.01,1,1,1,111,Lost,213.01
13725,50,8,1980.56,3,3,3,333,Loyal,1980.56
13726,39,2,1079.66,3,1,3,313,Loyal,1079.66
13727,29,8,1080.05,3,3,3,333,Loyal,1080.05
13728,37,16,2855.17,3,3,4,334,Loyal,2855.17
13729,436,3,724.73,1,2,2,122,At Risk,724.73
13730,136,2,752.6,2,1,2,212,Needs Attention,752.6
13731,220,2,610.59,2,1,2,212,Needs Attention,610.59
13732,29,1,491.86,3,1,2,312,Needs Attention,491.86
13733,411,2,487.03,1,1,2,112,Needs Attention,487.03
13734,509,4,6701.64,1,2,4,124,At Risk,6701.64
13735,25,13,9813.22,4,3,4,434,Champions,9813.22
13736,6,7,2766.21,4,3,4,434,Champions,2766.21
13737,201,1,339.6,2,1,1,211,Lost,339.6
13738,397,1,440.93,1,1,2,112,Needs Attention,440.93
13739,19,2,292.2,4,1,1,411,Needs Attention,292.2
13740,241,5,1597.77,2,2,3,223,At Risk,1597.77
13741,72,3,668.43,3,2,2,322,Needs Attention,668.43
13742,17,12,3131.02,4,3,4,434,Champions,3131.02
13743,3,7,1341.6,4,3,3,433,Champions,1341.6
13744,96,2,1156.36,3,1,3,313,Loyal,1156.36
13745,163,2,777.36,2,1,2,212,Needs Attention,777.36
13746,414,1,176.69,1,1,1,111,Lost,176.69
13747,374,2,249.4,2,1,1,211,Lost,249.4
13748,96,9,2268.35,3,3,3,333,Loyal,2268.35
13750,54,11,3602.18,3,3,4,334,Loyal,3602.18
13751,289,1,296.25,2,1,1,211,Lost,296.25
13752,125,7,1590.73,2,3,3,233,At Risk,1590.73
13753,288,4,2094.57,2,2,3,223,At Risk,2094.57
13754,152,3,447.05,2,2,2,222,At Risk,447.05
13755,4,9,2161.35,4,3,3,433,Champions,2161.35
13756,3,23,9207.5,4,3,4,434,Champions,9207.5
13757,675,1,195.55,1,1,1,111,Lost,195.55
13758,12,15,9416.98,4,3,4,434,Champions,9416.98
13759,34,2,659.41,3,1,2,312,Needs Attention,659.41
13760,55,5,1363.64,3,2,3,323,Loyal,1363.64
13761,51,6,1952.17,3,3,3,333,Loyal,1952.17
13762,219,5,2472.48,2,2,4,224,At Risk,2472.48
13763,64,3,5217.44,3,2,4,324,Loyal,5217.44
13764,71,6,2953.26,3,3,4,334,Loyal,2953.26
13765,654,1,352.82,1,1,2,112,Needs Attention,352.82
13766,496,1,190.35,1,1,1,111,Lost,190.35
13767,3,73,35540.53,4,3,4,434,Champions,35540.53
13768,727,2,875.97,1,1,2,112,Needs Attention,875.97
13769,3,20,5800.42,4,3,4,434,Champions,5800.42
13770,423,4,785.37,1,2,2,122,At Risk,785.37
13771,65,9,5728.82,3,3,4,334,Loyal,5728.82
13772,34,8,3114.22,3,3,4,334,Loyal,3114.22
13773,397,2,301.54,1,1,1,111,Lost,301.54
13774,82,1,345.0,3,1,1,311,Needs Attention,345.0
13775,591,1,1049.66,1,1,3,113,Needs Attention,1049.66
13776,429,2,623.98,1,1,2,112,Needs Attention,623.98
13777,1,61,56478.42,4,3,4,434,Champions,56478.42
13778,104,4,1124.49,2,2,3,223,At Risk,1124.49
13779,516,1,161.13,1,1,1,111,Lost,161.13
13780,8,3,735.82,4,2,2,422,Needs Attention,735.82
13781,251,3,778.83,2,2,2,222,At Risk,778.83
13782,13,13,1793.72,4,3,3,433,Champions,1793.72
13783,488,4,1542.09,1,2,3,123,At Risk,1542.09
13784,10,14,2910.23,4,3,4,434,Champions,2910.23
13785,429,4,542.49,1,2,2,122,At Risk,542.49
13786,368,6,3358.94,2,3,4,234,At Risk,3358.94
13787,76,6,1222.5,3,3,3,333,Loyal,1222.5
13788,506,1,3.75,1,1,1,111,Lost,3.75
13789,389,1,239.46,1,1,1,111,Lost,239.46
13790,5,1,348.8,4,1,2,412,Needs Attention,348.8
13791,128,2,1516.0,2,1,3,213,Needs Attention,1516.0
13792,67,3,383.95,3,2,2,322,Needs Attention,383.95
13793,647,1,96.0,1,1,1,111,Lost,96.0
13794,547,1,126.03,1,1,1,111,Lost,126.03
13795,389,4,836.3,1,2,2,122,At Risk,836.3
13796,500,1,289.7,1,1,1,111,Lost,289.7
13797,437,3,1179.45,1,2,3,123,At Risk,1179.45
13798,2,110,75836.87,4,3,4,434,Champions,75836.87
13799,117,9,2803.57,2,3,4,234,At Risk,2803.57
13800,310,3,1679.56,2,2,3,223,At Risk,1679.56
13801,67,1,324.8,3,1,1,311,Needs Attention,324.8
13802,139,19,26259.11,2,3,4,234,At Risk,26259.11
13803,256,3,1338.91,2,2,3,223,At Risk,1338.91
13804,31,9,3208.52,3,3,4,334,Loyal,3208.52
13805,53,2,924.6,3,1,3,313,Loyal,924.6
13806,64,1,256.38,3,1,1,311,Needs Attention,256.38
13807,368,3,534.8,2,2,2,222,At Risk,534.8
13808,6,5,1747.66,4,2,3,423,Champions,1747.66
13809,306,3,679.7,2,2,2,222,At Risk,679.7
13810,29,3,1499.01,3,2,3,323,Loyal,1499.01
13811,184,3,814.5,2,2,2,222,At Risk,814.5
13812,43,3,539.0,3,2,2,322,Needs Attention,539.0
13813,40,8,2765.47,3,3,4,334,Loyal,2765.47
13814,93,3,2257.32,3,2,3,323,Loyal,2257.32
13815,23,8,7475.74,4,3,4,434,Champions,7475.74
13816,24,2,571.67,4,1,2,412,Needs Attention,571.67
13817,30,2,382.98,3,1,2,312,Needs Attention,382.98
13818,430,1,61.28,1,1,1,111,Lost,61.28
13819,302,6,2642.35,2,3,4,234,At Risk,2642.35
13820,419,3,660.65,1,2,2,122,At Risk,660.65
13821,145,6,1410.73,2,3,3,233,At Risk,1410.73
13822,6,2,632.0,4,1,2,412,Needs Attention,632.0
13823,19,7,3403.45,4,3,4,434,Champions,3403.45
13824,33,12,3314.76,3,3,4,334,Loyal,3314.76
13825,622,2,255.59,1,1,1,111,Lost,255.59
13826,177,1,189.5,2,1,1,211,Lost,189.5
13827,58,3,412.05,3,2,2,322,Needs Attention,412.05
13828,23,1,209.49,4,1,1,411,Needs Attention,209.49
13829,422,1,102.0,1,1,1,111,Lost,102.0
13830,582,1,156.85,1,1,1,111,Lost,156.85
13831,17,18,7023.58,4,3,4,434,Champions,7023.58
13832,20,2,613.69,4,1,2,412,Needs Attention,613.69
13833,160,2,701.36,2,1,2,212,Needs Attention,701.36
13834,577,2,324.19,1,1,1,111,Lost,324.19
13835,26,7,1095.27,4,3,3,433,Champions,1095.27
13836,400,2,620.37,1,1,2,112,Needs Attention,620.37
13837,212,2,271.24,2,1,1,211,Lost,271.24
13838,6,10,1966.09,4,3,3,433,Champions,1966.09
13839,487,1,139.95,1,1,1,111,Lost,139.95
13840,417,1,651.4,1,1,2,112,Needs Attention,651.4
13841,253,1,85.0,2,1,1,211,Lost,85.0
13842,59,18,5629.91,3,3,4,334,Loyal,5629.91
13843,382,1,319.75,1,1,1,111,Lost,319.75
13844,12,1,361.62,4,1,2,412,Needs Attention,361.62
13845,65,1,312.98,3,1,1,311,Needs Attention,312.98
13846,25,4,1307.79,4,2,3,423,Champions,1307.79
13847,720,1,310.72,1,1,1,111,Lost,310.72
13848,93,8,3335.0,3,3,4,334,Loyal,3335.0
13849,52,5,3469.3,3,2,4,324,Loyal,3469.3
13850,130,1,1595.48,2,1,3,213,Needs Attention,1595.48
13851,96,8,4606.46,3,3,4,334,Loyal,4606.46
13852,611,1,187.35,1,1,1,111,Lost,187.35
13853,58,1,1090.14,3,1,3,313,Loyal,1090.14
13854,9,39,12253.96,4,3,4,434,Champions,12253.96
13855,501,4,1310.34,1,2,3,123,At Risk,1310.34
13856,169,11,1142.03,2,3,3,233,At Risk,1142.03
13857,394,6,1001.01,1,3,3,133,At Risk,1001.01
13858,58,1,216.17,3,1,1,311,Needs Attention,216.17
13859,327,2,515.86,2,1,2,212,Needs Attention,515.86
13860,2,5,1245.9,4,2,3,423,Champions,1245.9
13861,430,2,273.26,1,1,1,111,Lost,273.26
13862,19,9,2556.09,4,3,4,434,Champions,2556.09
13863,248,4,1239.55,2,2,3,223,At Risk,1239.55
13864,387,1,662.4,1,1,2,112,Needs Attention,662.4
13865,59,4,501.56,3,2,2,322,Needs Attention,501.56
13866,75,1,145.67,3,1,1,311,Needs Attention,145.67
13867,32,3,1015.29,3,2,3,323,Loyal,1015.29
13868,8,2,3192.54,4,1,4,414,Loyal,3192.54
13869,124,10,8111.57,2,3,4,234,At Risk,8111.57
13870,3,15,5712.08,4,3,4,434,Champions,5712.08
13871,23,17,7885.85,4,3,4,434,Champions,7885.85
13872,528,3,919.57,1,2,3,123,At Risk,919.57
13873,120,8,1038.92,2,3,3,233,At Risk,1038.92
13874,359,7,2049.15,2,3,3,233,At Risk,2049.15
13875,54,14,4814.37,3,3,4,334,Loyal,4814.37
13876,64,1,122.7,3,1,1,311,Needs Attention,122.7
13877,87,3,449.68,3,2,2,322,Needs Attention,449.68
13878,55,4,2473.06,3,2,4,324,Loyal,2473.06
13879,646,1,395.5,1,1,2,112,Needs Attention,395.5
13880,22,17,4391.66,4,3,4,434,Champions,4391.66
13881,4,43,45179.1,4,3,4,434,Champions,45179.1
13882,3,5,1191.13,4,2,3,423,Champions,1191.13
13883,11,15,6560.02,4,3,4,434,Champions,6560.02
13884,8,10,1888.48,4,3,3,433,Champions,1888.48
13885,190,2,506.8,2,1,2,212,Needs Attention,506.8
13886,72,1,243.56,3,1,1,311,Needs Attention,243.56
13887,205,1,349.55,2,1,2,212,Needs Attention,349.55
13888,120,7,2169.05,2,3,3,233,At Risk,2169.05
13889,93,6,1991.23,3,3,3,333,Loyal,1991.23
13890,2,14,2927.38,4,3,4,434,Champions,2927.38
13891,379,3,863.56,2,2,2,222,At Risk,863.56
13892,27,6,1267.65,3,3,3,333,Loyal,1267.65
13893,298,1,821.1,2,1,2,212,Needs Attention,821.1
13894,24,3,564.62,4,2,2,422,Needs Attention,564.62
13895,29,6,4008.52,3,3,4,334,Loyal,4008.52
13896,626,1,388.55,1,1,2,112,Needs Attention,388.55
13897,51,3,1160.72,3,2,3,323,Loyal,1160.72
13898,326,2,686.4,2,1,2,212,Needs Attention,686.4
13899,17,2,388.52,4,1,2,412,Needs Attention,388.52
13900,184,6,1610.59,2,3,3,233,At Risk,1610.59
13901,73,15,5676.34,3,3,4,334,Loyal,5676.34
13902,633,5,34095.26,1,2,4,124,At Risk,34095.26
13903,401,1,165.45,1,1,1,111,Lost,165.45
13904,38,2,332.64,3,1,1,311,Needs Attention,332.64
13905,733,1,312.65,1,1,1,111,Lost,312.65
13906,410,1,42.0,1,1,1,111,Lost,42.0
13907,692,1,136.8,1,1,1,111,Lost,136.8
13908,80,4,2369.55,3,2,4,324,Loyal,2369.55
13909,424,2,286.6,1,1,1,111,Lost,286.6
13911,58,20,4234.99,3,3,4,334,Loyal,4234.99
13912,424,1,124.95,1,1,1,111,Lost,124.95
13913,507,1,42.22,1,1,1,111,Lost,42.22
13914,12,2,626.45,4,1,2,412,Needs Attention,626.45
13915,395,1,70.8,1,1,1,111,Lost,70.8
13916,464,4,1275.81,1,2,3,123,At Risk,1275.81
13917,50,2,272.04,3,1,1,311,Needs Attention,272.04
13918,50,2,1212.84,3,1,3,313,Loyal,1212.84
13919,60,4,1360.68,3,2,3,323,Loyal,1360.68
13920,432,4,1774.68,1,2,3,123,At Risk,1774.68
13921,403,4,730.7,1,2,2,122,At Risk,730.7
13922,352,3,865.2,2,2,2,222,At Risk,865.2
13923,54,1,351.13,3,1,2,312,Needs Attention,351.13
13924,2,6,1838.85,4,3,3,433,Champions,1838.85
13925,93,4,678.25,3,2,2,322,Needs Attention,678.25
13926,24,1,223.85,4,1,1,411,Needs Attention,223.85
13927,75,2,708.26,3,1,2,312,Needs Attention,708.26
13928,11,4,464.57,4,2,2,422,Needs Attention,464.57
13929,170,11,3494.1,2,3,4,234,At Risk,3494.1
13930,58,2,337.34,3,1,1,311,Needs Attention,337.34
13931,96,11,5257.38,3,3,4,334,Loyal,5257.38
13932,295,1,307.4,2,1,1,211,Lost,307.4
13933,110,2,608.79,2,1,2,212,Needs Attention,608.79
13934,264,1,922.1,2,1,3,213,Needs Attention,922.1
13935,597,3,6116.92,1,2,4,124,At Risk,6116.92
13936,180,3,939.66,2,2,3,223,At Risk,939.66
13937,170,2,880.13,2,1,2,212,Needs Attention,880.13
13938,36,1,71.66,3,1,1,311,Needs Attention,71.66
13939,24,7,1560.96,4,3,3,433,Champions,1560.96
13940,18,4,839.14,4,2,2,422,Needs Attention,839.14
13941,22,15,11122.3,4,3,4,434,Champions,11122.3
13942,535,1,320.0,1,1,1,111,Lost,320.0
13943,578,1,246.54,1,1,1,111,Lost,246.54
13944,654,1,200.43,1,1,1,111,Lost,200.43
13945,395,2,854.15,1,1,2,112,Needs Attention,854.15
13946,80,6,1876.23,3,3,3,333,Loyal,1876.23
13947,66,1,90.6,3,1,1,311,Needs Attention,90.6
13948,361,4,548.76,2,2,2,222,At Risk,548.76
13949,3,6,2427.32,4,3,4,434,Champions,2427.32
13950,12,4,745.06,4,2,2,422,Needs Attention,745.06
13951,177,3,674.45,2,2,2,222,At Risk,674.45
13952,218,14,12823.52,2,3,4,234,At Risk,12823.52
13953,8,12,6640.68,4,3,4,434,Champions,6640.68
13954,2,2,439.92,4,1,2,412,Needs Attention,439.92
13955,155,3,545.17,2,2,2,222,At Risk,545.17
13956,6,5,1026.42,4,2,3,423,Champions,1026.42
13957,418,3,458.25,1,2,2,122,At Risk,458.25
13958,380,8,4709.23,2,3,4,234,At Risk,4709.23
13959,80,6,1076.18,3,3,3,333,Loyal,1076.18
13960,22,2,230.22,4,1,1,411,Needs Attention,230.22
13961,393,1,538.4,1,1,2,112,Needs Attention,538.4
13962,22,3,362.8,4,2,2,422,Needs Attention,362.8
13963,309,17,3011.87,2,3,4,234,At Risk,3011.87
13964,388,2,438.9,1,1,2,112,Needs Attention,438.9
13965,477,3,996.61,1,2,3,123,At Risk,996.61
13966,436,1,390.86,1,1,2,112,Needs Attention,390.86
13967,146,2,166.3,2,1,1,211,Lost,166.3
13968,424,1,123.66,1,1,1,111,Lost,123.66
13969,8,35,13365.87,4,3,4,434,Champions,13365.87
13970,387,2,846.55,1,1,2,112,Needs Attention,846.55
13971,19,14,4667.57,4,3,4,434,Champions,4667.57
13972,71,2,190.25,3,1,1,311,Needs Attention,190.25
13973,288,1,264.7,2,1,1,211,Lost,264.7
13974,50,2,677.72,3,1,2,312,Needs Attention,677.72
13975,32,12,5358.84,3,3,4,334,Loyal,5358.84
13976,207,4,1192.36,2,2,3,223,At Risk,1192.36
13977,412,1,519.81,1,1,2,112,Needs Attention,519.81
13978,15,2,196.79,4,1,1,411,Needs Attention,196.79
13979,74,7,3416.23,3,3,4,334,Loyal,3416.23
13980,61,5,799.92,3,2,2,322,Needs Attention,799.92
13981,416,1,331.14,1,1,1,111,Lost,331.14
13982,40,9,4445.59,3,3,4,334,Loyal,4445.59
13983,30,21,7108.45,3,3,4,334,Loyal,7108.45
13984,27,12,2048.6,3,3,3,333,Loyal,2048.6
13985,5,22,10020.86,4,3,4,434,Champions,10020.86
13986,18,1,320.46,4,1,1,411,Needs Attention,320.46
13987,380,2,682.54,2,1,2,212,Needs Attention,682.54
13988,20,8,4757.8,4,3,4,434,Champions,4757.8
13989,66,5,2026.06,3,2,3,323,Loyal,2026.06
13990,214,1,311.3,2,1,1,211,Lost,311.3
13991,13,6,855.97,4,3,2,432,Needs Attention,855.97
13992,31,3,219.5,3,2,1,321,Needs Attention,219.5
13993,43,19,6775.71,3,3,4,334,Loyal,6775.71
13994,4,6,2313.14,4,3,4,434,Champions,2313.14
13995,16,14,3902.01,4,3,4,434,Champions,3902.01
13996,387,2,895.76,1,1,2,112,Needs Attention,895.76
13997,520,3,382.31,1,2,2,122,At Risk,382.31
13998,447,3,566.7,1,2,2,122,At Risk,566.7
13999,11,29,9502.26,4,3,4,434,Champions,9502.26
14000,212,5,2046.34,2,2,3,223,At Risk,2046.34
14001,46,9,4530.09,3,3,4,334,Loyal,4530.09
14002,135,2,529.73,2,1,2,212,Needs Attention,529.73
14003,733,1,209.41,1,1,1,111,Lost,209.41
14004,44,11,6258.45,3,3,4,334,Loyal,6258.45
14005,10,5,2874.72,4,2,4,424,Champions,2874.72
14006,116,7,2196.67,2,3,3,233,At Risk,2196.67
14007,513,1,79.48,1,1,1,111,Lost,79.48
14008,433,1,509.04,1,1,2,112,Needs Attention,509.04
14009,199,3,1099.91,2,2,3,223,At Risk,1099.91
14010,566,2,445.15,1,1,2,112,Needs Attention,445.15
14011,481,2,457.82,1,1,2,112,Needs Attention,457.82
14012,278,1,328.8,2,1,1,211,Lost,328.8
14013,111,5,1084.57,2,2,3,223,At Risk,1084.57
14014,78,3,1948.21,3,2,3,323,Loyal,1948.21
14015,53,1,917.34,3,1,3,313,Loyal,917.34
14016,162,11,11403.41,2,3,4,234,At Risk,11403.41
14017,572,1,229.75,1,1,1,111,Lost,229.75
14018,646,1,367.15,1,1,2,112,Needs Attention,367.15
14019,47,3,1421.61,3,2,3,323,Loyal,1421.61
14020,17,4,1249.01,4,2,3,423,Champions,1249.01
14021,156,7,1716.58,2,3,3,233,At Risk,1716.58
14022,226,2,792.15,2,1,2,212,Needs Attention,792.15
14023,8,2,584.07,4,1,2,412,Needs Attention,584.07
14024,122,3,645.74,2,2,2,222,At Risk,645.74
14025,465,8,4057.9,1,3,4,134,At Risk,4057.9
14026,471,2,713.11,1,1,2,112,Needs Attention,713.11
14027,61,1,104.82,3,1,1,311,Needs Attention,104.82
14028,551,3,10396.5,1,2,4,124,At Risk,10396.5
14029,64,2,467.66,3,1,2,312,Needs Attention,467.66
14030,19,20,8262.29,4,3,4,434,Champions,8262.29
14031,8,44,40999.17,4,3,4,434,Champions,40999.17
14032,3,16,4850.27,4,3,4,434,Champions,4850.27
14033,556,1,109.44,1,1,1,111,Lost,109.44
14034,23,3,651.82,4,2,2,422,Needs Attention,651.82
14035,29,9,2856.72,3,3,4,334,Loyal,2856.72
14036,285,1,626.65,2,1,2,212,Needs Attention,626.65
14037,177,6,836.95,2,3,2,232,At Risk,836.95
14038,79,5,3069.88,3,2,4,324,Loyal,3069.88
14039,34,2,267.28,3,1,1,311,Needs Attention,267.28
14040,41,35,12645.57,3,3,4,334,Loyal,12645.57
14041,267,1,141.41,2,1,1,211,Lost,141.41
14042,726,1,431.98,1,1,2,112,Needs Attention,431.98
14043,492,2,304.25,1,1,1,111,Lost,304.25
14044,27,10,3123.1,3,3,4,334,Loyal,3123.1
14045,110,16,11313.03,2,3,4,234,At Risk,11313.03
14046,285,1,154.99,2,1,1,211,Lost,154.99
14047,9,14,4255.03,4,3,4,434,Champions,4255.03
14048,306,3,748.69,2,2,2,222,At Risk,748.69
14049,17,13,13239.03,4,3,4,434,Champions,13239.03
14050,32,2,746.36,3,1,2,312,Needs Attention,746.36
14051,1,37,22434.0,4,3,4,434,Champions,22434.0
14052,20,2,480.81,4,1,2,412,Needs Attention,480.81
14053,125,4,572.3,2,2,2,222,At Risk,572.3
14054,66,1,92.46,3,1,1,311,Needs Attention,92.46
14055,107,3,1520.96,2,2,3,223,At Risk,1520.96
14056,2,23,8214.65,4,3,4,434,Champions,8214.65
14057,24,22,8408.84,4,3,4,434,Champions,8408.84
14058,463,2,469.19,1,1,2,112,Needs Attention,469.19
14059,267,1,183.6,2,1,1,211,Lost,183.6
14060,5,30,9519.08,4,3,4,434,Champions,9519.08
14061,508,3,917.43,1,2,3,123,At Risk,917.43
14062,10,24,25604.2,4,3,4,434,Champions,25604.2
14063,439,9,22710.2,1,3,4,134,At Risk,22710.2
14064,30,15,3332.42,3,3,4,334,Loyal,3332.42
14065,390,3,891.02,1,2,2,122,At Risk,891.02
14066,267,1,152.55,2,1,1,211,Lost,152.55
14067,64,2,374.7,3,1,2,312,Needs Attention,374.7
14068,321,4,1528.37,2,2,3,223,At Risk,1528.37
14069,515,2,230.06,1,1,1,111,Lost,230.06
14070,685,1,326.55,1,1,1,111,Lost,326.55
14071,4,8,1438.82,4,3,3,433,Champions,1438.82
14072,667,1,390.85,1,1,2,112,Needs Attention,390.85
14073,33,1,151.04,3,1,1,311,Needs Attention,151.04
14074,624,1,219.4,1,1,1,111,Lost,219.4
14075,5,6,1734.87,4,3,3,433,Champions,1734.87
14076,130,1,122.47,2,1,1,211,Lost,122.47
14077,41,6,615.08,3,3,2,332,Needs Attention,615.08
14078,102,9,1692.63,2,3,3,233,At Risk,1692.63
14079,125,2,618.73,2,1,2,212,Needs Attention,618.73
14080,33,5,1115.68,3,2,3,323,Loyal,1115.68
14081,303,10,5370.1,2,3,4,234,At Risk,5370.1
14082,365,2,413.36,2,1,2,212,Needs Attention,413.36
14083,5,11,1407.26,4,3,3,433,Champions,1407.26
14084,513,1,150.5,1,1,1,111,Lost,150.5
14085,3,33,10104.97,4,3,4,434,Champions,10104.97
14086,463,1,39.95,1,1,1,111,Lost,39.95
14087,3,3,846.22,4,2,2,422,Needs Attention,846.22
14088,11,16,64036.8,4,3,4,434,Champions,64036.8
14089,57,1,161.0,3,1,1,311,Needs Attention,161.0
14090,325,1,76.32,2,1,1,211,Lost,76.32
14091,655,2,9530.08,1,1,4,114,Needs Attention,9530.08
14092,8,24,7229.45,4,3,4,434,Champions,7229.45
14093,13,1,442.85,4,1,2,412,Needs Attention,442.85
14094,440,1,335.22,1,1,1,111,Lost,335.22
14095,723,1,2.95,1,1,1,111,Lost,2.95
14096,5,17,65164.79,4,3,4,434,Champions,65164.79
14097,482,2,422.86,1,1,2,112,Needs Attention,422.86
14098,37,1,147.35,3,1,1,311,Needs Attention,147.35
14099,17,20,5765.71,4,3,4,434,Champions,5765.71
14100,138,1,194.9,2,1,1,211,Lost,194.9
14101,74,13,9961.93,3,3,4,334,Loyal,9961.93
14102,6,5,1360.28,4,2,3,423,Champions,1360.28
14104,155,5,771.58,2,2,2,222,At Risk,771.58
14105,240,5,5988.83,2,2,4,224,At Risk,5988.83
14106,738,1,214.8,1,1,1,111,Lost,214.8
14107,52,11,4877.3,3,3,4,334,Loyal,4877.3
14108,31,4,1044.96,3,2,3,323,Loyal,1044.96
14109,73,1,144.2,3,1,1,311,Needs Attention,144.2
14110,4,33,12987.95,4,3,4,434,Champions,12987.95
14111,15,4,692.85,4,2,2,422,Needs Attention,692.85
14112,23,13,5834.59,4,3,4,434,Champions,5834.59
14113,4,16,7092.61,4,3,4,434,Champions,7092.61
14114,274,7,1364.09,2,3,3,233,At Risk,1364.09
14115,502,2,622.67,1,1,2,112,Needs Attention,622.67
14116,20,5,1382.74,4,2,3,423,Champions,1382.74
14117,144,1,90.0,2,1,1,211,Lost,90.0
14118,429,1,458.45,1,1,2,112,Needs Attention,458.45
14119,376,2,183.37,2,1,1,211,Lost,183.37
14121,4,4,2780.15,4,2,4,424,Champions,2780.15
14122,407,3,362.42,1,2,2,122,At Risk,362.42
14123,734,1,436.18,1,1,2,112,Needs Attention,436.18
14124,85,1,419.58,3,1,2,312,Needs Attention,419.58
14125,11,3,2740.43,4,2,4,424,Champions,2740.43
14126,8,4,1172.46,4,2,3,423,Champions,1172.46
14127,123,6,1900.08,2,3,3,233,At Risk,1900.08
14128,61,3,924.21,3,2,3,323,Loyal,924.21
14129,2,9,2591.34,4,3,4,434,Champions,2591.34
14130,320,4,1882.67,2,2,3,223,At Risk,1882.67
14131,649,1,187.87,1,1,1,111,Lost,187.87
14132,3,11,3586.03,4,3,4,434,Champions,3586.03
14133,130,4,911.14,2,2,3,223,At Risk,911.14
14134,383,15,11123.35,1,3,4,134,At Risk,11123.35
14135,2,24,9643.92,4,3,4,434,Champions,9643.92
14136,401,5,1570.81,1,2,3,123,At Risk,1570.81
14137,696,1,332.7,1,1,1,111,Lost,332.7
14138,2,2,982.38,4,1,3,413,Loyal,982.38
14139,47,4,1086.8,3,2,3,323,Loyal,1086.8
14140,4,2,935.05,4,1,3,413,Loyal,935.05
14141,3,4,915.13,4,2,3,423,Champions,915.13
14142,374,2,983.15,2,1,3,213,Needs Attention,983.15
14143,134,1,115.8,2,1,1,211,Lost,115.8
14144,487,1,30.6,1,1,1,111,Lost,30.6
14145,47,7,7600.05,3,3,4,334,Loyal,7600.05
14146,9,12,9450.3,4,3,4,434,Champions,9450.3
14147,79,9,2590.2,3,3,4,334,Loyal,2590.2
14148,234,2,466.29,2,1,2,212,Needs Attention,466.29
14149,221,1,446.62,2,1,2,212,Needs Attention,446.62
14150,36,2,658.64,3,1,2,312,Needs Attention,658.64
14151,674,2,679.45,1,1,2,112,Needs Attention,679.45
14152,76,7,1997.34,3,3,3,333,Loyal,1997.34
14153,484,1,233.4,1,1,1,111,Lost,233.4
14154,240,8,6460.7,2,3,4,234,At Risk,6460.7
14155,267,1,118.75,2,1,1,211,Lost,118.75
14156,10,156,313946.37,4,3,4,434,Champions,313946.37
14157,20,5,1002.78,4,2,3,423,Champions,1002.78
14158,41,1,507.66,3,1,2,312,Needs Attention,507.66
14159,20,20,7938.01,4,3,4,434,Champions,7938.01
14160,611,7,8421.47,1,3,4,134,At Risk,8421.47
14161,216,7,3318.88,2,3,4,234,At Risk,3318.88
14162,174,2,289.36,2,1,1,211,Lost,289.36
14163,88,5,2594.62,3,2,4,324,Loyal,2594.62
14164,71,2,1631.77,3,1,3,313,Loyal,1631.77
14165,276,1,122.54,2,1,1,211,Lost,122.54
14166,506,2,256.85,1,1,1,111,Lost,256.85
14167,40,8,1296.49,3,3,3,333,Loyal,1296.49
14168,421,2,370.45,1,1,2,112,Needs Attention,370.45
14169,431,2,624.43,1,1,2,112,Needs Attention,624.43
14170,376,3,597.33,2,2,2,222,At Risk,597.33
14171,99,2,498.79,2,1,2,212,Needs Attention,498.79
14172,606,3,402.72,1,2,2,122,At Risk,402.72
14173,11,6,586.0,4,3,2,432,Needs Attention,586.0
14174,34,1,134.46,3,1,1,311,Needs Attention,134.46
14175,60,8,7678.88,3,3,4,334,Loyal,7678.88
14176,298,5,916.01,2,2,3,223,At Risk,916.01
14177,87,13,2229.34,3,3,3,333,Loyal,2229.34
14178,9,7,1620.93,4,3,3,433,Champions,1620.93
14179,41,2,719.78,3,1,2,312,Needs Attention,719.78
14180,11,33,6319.25,4,3,4,434,Champions,6319.25
14181,411,2,310.55,1,1,1,111,Lost,310.55
14182,444,4,678.77,1,2,2,122,At Risk,678.77
14183,412,2,286.29,1,1,1,111,Lost,286.29
14184,67,1,452.89,3,1,2,312,Needs Attention,452.89
14185,332,1,197.65,2,1,1,211,Lost,197.65
14186,428,5,1550.63,1,2,3,123,At Risk,1550.63
14187,474,1,123.5,1,1,1,111,Lost,123.5
14188,31,6,2054.36,3,3,3,333,Loyal,2054.36
14189,3,16,5814.39,4,3,4,434,Champions,5814.39
14190,667,1,79.9,1,1,1,111,Lost,79.9
14191,2,15,4817.66,4,3,4,434,Champions,4817.66
14192,389,1,293.74,1,1,1,111,Lost,293.74
14193,68,3,1210.19,3,2,3,323,Loyal,1210.19
14194,5,36,18670.59,4,3,4,434,Champions,18670.59
14195,202,6,2615.6,2,3,4,234,At Risk,2615.6
14196,107,1,335.52,2,1,1,211,Lost,335.52
14197,411,1,390.05,1,1,2,112,Needs Attention,390.05
14198,19,9,1569.73,4,3,3,433,Champions,1569.73
14199,219,4,1091.7,2,2,3,223,At Risk,1091.7
14200,618,1,379.2,1,1,2,112,Needs Attention,379.2
14201,61,10,1193.54,3,3,3,333,Loyal,1193.54
14202,382,3,847.76,1,2,2,122,At Risk,847.76
14203,398,1,339.34,1,1,1,111,Lost,339.34
14204,3,4,1062.96,4,2,3,423,Champions,1062.96
14205,17,9,2414.2,4,3,4,434,Champions,2414.2
14206,240,3,1185.01,2,2,3,223,At Risk,1185.01
14207,688,1,157.8,1,1,1,111,Lost,157.8
14208,95,2,567.05,3,1,2,312,Needs Attention,567.05
14209,11,15,4993.27,4,3,4,434,Champions,4993.27
14210,106,16,5861.52,2,3,4,234,At Risk,5861.52
14211,54,18,4402.29,3,3,4,334,Loyal,4402.29
14212,90,2,2190.14,3,1,3,313,Loyal,2190.14
14213,405,1,1192.2,1,1,3,113,Needs Attention,1192.2
14214,31,5,1004.38,3,2,3,323,Loyal,1004.38
14215,12,9,3416.33,4,3,4,434,Champions,3416.33
14216,4,5,2150.04,4,2,3,423,Champions,2150.04
14217,2,23,3416.89,4,3,4,434,Champions,3416.89
14218,43,1,169.48,3,1,1,311,Needs Attention,169.48
14219,5,3,633.83,4,2,2,422,Needs Attention,633.83
14220,248,4,1515.0,2,2,3,223,At Risk,1515.0
14221,43,17,6517.49,3,3,4,334,Loyal,6517.49
14222,178,1,683.17,2,1,2,212,Needs Attention,683.17
14223,93,3,991.13,3,2,3,323,Loyal,991.13
14224,111,9,1897.9,2,3,3,233,At Risk,1897.9
14225,435,4,2037.02,1,2,3,123,At Risk,2037.02
14226,29,6,3002.53,3,3,4,334,Loyal,3002.53
14227,27,15,6368.71,3,3,4,334,Loyal,6368.71
14228,438,3,745.5,1,2,2,122,At Risk,745.5
14229,52,7,2594.04,3,3,4,334,Loyal,2594.04
14230,436,3,979.8,1,2,3,123,At Risk,979.8
14231,184,4,1235.62,2,2,3,223,At Risk,1235.62
14232,43,5,2048.07,3,2,3,323,Loyal,2048.07
14233,50,7,2904.27,3,3,4,334,Loyal,2904.27
14234,23,4,775.46,4,2,2,422,Needs Attention,775.46
14235,76,9,4717.99,3,3,4,334,Loyal,4717.99
14236,81,5,1744.64,3,2,3,323,Loyal,1744.64
14237,374,2,632.14,2,1,2,212,Needs Attention,632.14
14238,327,3,434.23,2,2,2,222,At Risk,434.23
14239,44,21,4263.17,3,3,4,334,Loyal,4263.17
14240,31,3,1247.49,3,2,3,323,Loyal,1247.49
14241,184,2,333.7,2,1,1,211,Lost,333.7
14242,235,2,280.55,2,1,1,211,Lost,280.55
14243,9,17,7431.05,4,3,4,434,Champions,7431.05
14244,661,1,366.42,1,1,2,112,Needs Attention,366.42
14245,220,2,1693.45,2,1,3,213,Needs Attention,1693.45
14246,111,3,1474.06,2,2,3,223,At Risk,1474.06
14247,279,5,772.66,2,2,2,222,At Risk,772.66
14248,319,3,1032.95,2,2,3,223,At Risk,1032.95
14249,411,12,5625.46,1,3,4,134,At Risk,5625.46
14250,8,3,1904.05,4,2,3,423,Champions,1904.05
14251,2,5,2879.7,4,2,4,424,Champions,2879.7
14252,382,1,350.99,1,1,2,112,Needs Attention,350.99
14253,494,2,363.4,1,1,2,112,Needs Attention,363.4
14254,433,1,601.03,1,1,2,112,Needs Attention,601.03
14255,547,1,1000.63,1,1,3,113,Needs Attention,1000.63
14256,261,5,2473.99,2,2,4,224,At Risk,2473.99
14257,65,9,5954.45,3,3,4,334,Loyal,5954.45
14258,10,25,32051.34,4,3,4,434,Champions,32051.34
14259,142,1,120.0,2,1,1,211,Lost,120.0
14260,472,3,824.28,1,2,2,122,At Risk,824.28
14261,51,2,1163.45,3,1,3,313,Loyal,1163.45
14262,9,8,2618.23,4,3,4,434,Champions,2618.23
14263,424,1,322.93,1,1,1,111,Lost,322.93
14264,155,6,1517.36,2,3,3,233,At Risk,1517.36
14265,110,4,1373.35,2,2,3,223,At Risk,1373.35
14266,429,1,40.56,1,1,1,111,Lost,40.56
14267,163,3,1516.24,2,2,3,223,At Risk,1516.24
14268,471,1,354.85,1,1,2,112,Needs Attention,354.85
14269,440,1,295.73,1,1,1,111,Lost,295.73
14270,332,1,492.65,2,1,2,212,Needs Attention,492.65
14271,226,2,219.13,2,1,1,211,Lost,219.13
14272,74,4,920.81,3,2,3,323,Loyal,920.81
14273,52,4,559.97,3,2,2,322,Needs Attention,559.97
14274,687,1,256.6,1,1,1,111,Lost,256.6
14275,396,6,1189.38,1,3,3,133,At Risk,1189.38
14276,99,7,2102.68,2,3,3,233,At Risk,2102.68
14277,16,9,17225.81,4,3,4,434,Champions,17225.81
14278,410,1,205.83,1,1,1,111,Lost,205.83
14279,521,2,191.86,1,1,1,111,Lost,191.86
14280,197,1,134.04,2,1,1,211,Lost,134.04
14281,409,1,245.15,1,1,1,111,Lost,245.15
14282,4,25,7849.66,4,3,4,434,Champions,7849.66
14283,464,4,628.44,1,2,2,122,At Risk,628.44
14284,31,3,1299.65,3,2,3,323,Loyal,1299.65
14285,22,8,3284.42,4,3,4,434,Champions,3284.42
14286,24,7,8479.76,4,3,4,434,Champions,8479.76
14287,9,3,176.63,4,2,1,421,Needs Attention,176.63
14288,214,1,426.6,2,1,2,212,Needs Attention,426.6
14289,9,6,911.26,4,3,3,433,Champions,911.26
14290,12,8,4516.56,4,3,4,434,Champions,4516.56
14291,2,23,7904.1,4,3,4,434,Champions,7904.1
14292,8,16,9226.25,4,3,4,434,Champions,9226.25
14293,4,9,3267.93,4,3,4,434,Champions,3267.93
14294,408,1,375.34,1,1,2,112,Needs Attention,375.34
14295,41,5,2362.91,3,2,4,324,Loyal,2362.91
14296,422,2,456.4,1,1,2,112,Needs Attention,456.4
14297,18,4,1305.33,4,2,3,423,Champions,1305.33
14298,9,82,91194.49,4,3,4,434,Champions,91194.49
14299,9,27,14499.49,4,3,4,434,Champions,14499.49
14300,19,1,43.2,4,1,1,411,Needs Attention,43.2
14301,118,4,1992.18,2,2,3,223,At Risk,1992.18
14302,431,3,742.9,1,2,2,122,At Risk,742.9
14303,408,2,277.94,1,1,1,111,Lost,277.94
14304,223,3,1725.01,2,2,3,223,At Risk,1725.01
14305,72,3,1858.96,3,2,3,323,Loyal,1858.96
14306,52,6,3151.4,3,3,4,334,Loyal,3151.4
14307,89,10,5071.03,3,3,4,334,Loyal,5071.03
14308,550,2,1147.02,1,1,3,113,Needs Attention,1147.02
14309,9,11,3780.81,4,3,4,434,Champions,3780.81
14310,433,1,492.1,1,1,2,112,Needs Attention,492.1
14311,243,2,516.45,2,1,2,212,Needs Attention,516.45
14312,47,11,3090.29,3,3,4,334,Loyal,3090.29
14314,107,2,229.8,2,1,1,211,Lost,229.8
14315,45,8,3197.82,3,3,4,334,Loyal,3197.82
14316,423,5,1370.34,1,2,3,123,At Risk,1370.34
14317,65,1,508.58,3,1,2,312,Needs Attention,508.58
14318,461,1,158.02,1,1,1,111,Lost,158.02
14319,425,1,494.85,1,1,2,112,Needs Attention,494.85
14320,207,5,1346.75,2,2,3,223,At Risk,1346.75
14321,11,7,2218.06,4,3,3,433,Champions,2218.06
14322,430,4,474.1,1,2,2,122,At Risk,474.1
14323,115,2,605.06,2,1,2,212,Needs Attention,605.06
14324,410,2,701.61,1,1,2,112,Needs Attention,701.61
14325,570,1,245.48,1,1,1,111,Lost,245.48
14326,243,3,940.98,2,2,3,223,At Risk,940.98
14327,164,6,1894.93,2,3,3,233,At Risk,1894.93
14328,439,1,445.05,1,1,2,112,Needs Attention,445.05
14329,18,15,9927.22,4,3,4,434,Champions,9927.22
14330,624,1,200.63,1,1,1,111,Lost,200.63
14331,125,2,462.66,2,1,2,212,Needs Attention,462.66
14332,23,5,1943.51,4,2,3,423,Champions,1943.51
14333,68,1,415.2,3,1,2,312,Needs Attention,415.2
14334,17,12,4318.48,4,3,4,434,Champions,4318.48
14335,17,2,468.26,4,1,2,412,Needs Attention,468.26
14336,17,4,1614.91,4,2,3,423,Champions,1614.91
14338,162,3,928.1,2,2,3,223,At Risk,928.1
14339,243,2,620.27,2,1,2,212,Needs Attention,620.27
14340,219,1,134.7,2,1,1,211,Lost,134.7
14341,46,18,4467.32,3,3,4,334,Loyal,4467.32
14342,22,6,918.44,4,3,3,433,Champions,918.44
14343,422,4,1088.91,1,2,3,123,At Risk,1088.91
14344,128,20,3333.7,2,3,4,234,At Risk,3333.7
14345,39,1,108.98,3,1,1,311,Needs Attention,108.98
14346,121,5,2315.75,2,2,4,224,At Risk,2315.75
14347,737,1,82.6,1,1,1,111,Lost,82.6
14348,261,1,409.57,2,1,2,212,Needs Attention,409.57
14349,11,1,133.5,4,1,1,411,Needs Attention,133.5
14350,275,3,972.03,2,2,3,223,At Risk,972.03
14351,165,1,51.0,2,1,1,211,Lost,51.0
14352,158,4,1078.96,2,2,3,223,At Risk,1078.96
14353,216,3,376.5,2,2,2,222,At Risk,376.5
14354,6,2,163.62,4,1,1,411,Needs Attention,163.62
14355,366,3,1014.45,2,2,3,223,At Risk,1014.45
14356,80,2,701.23,3,1,2,312,Needs Attention,701.23
14357,44,1,225.77,3,1,1,311,Needs Attention,225.77
14358,390,2,400.06,1,1,2,112,Needs Attention,400.06
14359,20,3,912.18,4,2,3,423,Champions,912.18
14360,32,4,2128.23,3,2,3,323,Loyal,2128.23
14361,579,1,214.71,1,1,1,111,Lost,214.71
14362,23,1,161.2,4,1,1,411,Needs Attention,161.2
14363,403,2,227.47,1,1,1,111,Lost,227.47
14364,109,8,3717.35,2,3,4,234,At Risk,3717.35
14365,395,2,634.68,1,1,2,112,Needs Attention,634.68
14366,526,1,136.0,1,1,1,111,Lost,136.0
14367,9,16,9261.52,4,3,4,434,Champions,9261.52
14368,320,1,155.0,2,1,1,211,Lost,155.0
14369,643,2,469.13,1,1,2,112,Needs Attention,469.13
14370,451,6,1175.78,1,3,3,133,At Risk,1175.78
14371,296,1,100.5,2,1,1,211,Lost,100.5
14372,444,2,860.08,1,1,2,112,Needs Attention,860.08
14373,359,1,76.55,2,1,1,211,Lost,76.55
14374,542,1,108.0,1,1,1,111,Lost,108.0
14375,186,3,1132.99,2,2,3,223,At Risk,1132.99
14376,684,1,215.46,1,1,1,111,Lost,215.46
14377,192,2,617.05,2,1,2,212,Needs Attention,617.05
14378,622,1,131.25,1,1,1,111,Lost,131.25
14379,45,4,1268.91,3,2,3,323,Loyal,1268.91
14380,683,1,48.96,1,1,1,111,Lost,48.96
14381,53,2,631.34,3,1,2,312,Needs Attention,631.34
14382,27,2,1246.8,3,1,3,313,Loyal,1246.8
14383,39,3,1247.69,3,2,3,323,Loyal,1247.69
14384,501,1,58.5,1,1,1,111,Lost,58.5
14385,10,3,202.11,4,2,1,421,Needs Attention,202.11
14386,297,1,142.4,2,1,1,211,Lost,142.4
14387,33,3,1770.56,3,2,3,323,Loyal,1770.56
14388,11,16,6701.0,4,3,4,434,Champions,6701.0
14389,66,5,1898.01,3,2,3,323,Loyal,1898.01
14390,11,13,6399.83,4,3,4,434,Champions,6399.83
14391,577,1,135.6,1,1,1,111,Lost,135.6
14392,433,1,266.4,1,1,1,111,Lost,266.4
14393,219,1,67.95,2,1,1,211,Lost,67.95
14394,565,1,93.8,1,1,1,111,Lost,93.8
14395,3,20,8208.01,4,3,4,434,Champions,8208.01
14396,66,7,2121.93,3,3,3,333,Loyal,2121.93
14397,3,19,2612.96,4,3,4,434,Champions,2612.96
14398,402,2,707.79,1,1,2,112,Needs Attention,707.79
14399,395,8,2113.16,1,3,3,133,At Risk,2113.16
14400,150,3,1732.47,2,2,3,223,At Risk,1732.47
14401,5,22,6795.9,4,3,4,434,Champions,6795.9
14402,653,1,285.6,1,1,1,111,Lost,285.6
14403,131,6,1880.51,2,3,3,233,At Risk,1880.51
14404,34,13,2899.11,3,3,4,334,Loyal,2899.11
14405,387,1,195.0,1,1,1,111,Lost,195.0
14406,120,1,156.75,2,1,1,211,Lost,156.75
14407,108,6,2157.73,2,3,3,233,At Risk,2157.73
14408,11,11,4109.77,4,3,4,434,Champions,4109.77
14409,72,9,3756.09,3,3,4,334,Loyal,3756.09
14410,93,11,2651.14,3,3,4,334,Loyal,2651.14
14411,311,1,1063.0,2,1,3,213,Needs Attention,1063.0
14412,43,3,1426.19,3,2,3,323,Loyal,1426.19
14413,363,4,770.37,2,2,2,222,At Risk,770.37
14414,92,8,2399.33,3,3,4,334,Loyal,2399.33
14415,2,23,12091.6,4,3,4,434,Champions,12091.6
14416,23,2,490.22,4,1,2,412,Needs Attention,490.22
14417,388,1,604.2,1,1,2,112,Needs Attention,604.2
14418,4,3,1937.25,4,2,3,423,Champions,1937.25
14419,11,7,1260.91,4,3,3,433,Champions,1260.91
14420,100,4,1639.17,2,2,3,223,At Risk,1639.17
14421,58,6,2469.37,3,3,4,334,Loyal,2469.37
14422,1,19,10271.52,4,3,4,434,Champions,10271.52
14423,219,3,916.61,2,2,3,223,At Risk,916.61
14424,18,1,322.08,4,1,1,411,Needs Attention,322.08
14425,435,3,661.39,1,2,2,122,At Risk,661.39
14426,24,17,11727.94,4,3,4,434,Champions,11727.94
14427,51,4,1263.52,3,2,3,323,Loyal,1263.52
14428,8,5,1244.83,4,2,3,423,Champions,1244.83
14429,404,1,516.28,1,1,2,112,Needs Attention,516.28
14430,512,3,1220.9,1,2,3,123,At Risk,1220.9
14431,303,4,2614.2,2,2,4,224,At Risk,2614.2
14432,10,6,2255.51,4,3,3,433,Champions,2255.51
14433,466,1,289.6,1,1,1,111,Lost,289.6
14434,22,6,1372.8,4,3,3,433,Champions,1372.8
14435,502,1,90.42,1,1,1,111,Lost,90.42
14436,99,2,271.7,2,1,1,211,Lost,271.7
14437,366,5,958.84,2,2,3,223,At Risk,958.84
14438,307,1,131.9,2,1,1,211,Lost,131.9
14439,320,5,9443.04,2,2,4,224,At Risk,9443.04
14440,9,13,6638.73,4,3,4,434,Champions,6638.73
14441,1,11,4611.69,4,3,4,434,Champions,4611.69
14442,205,7,5367.02,2,3,4,234,At Risk,5367.02
14443,54,5,2386.47,3,2,4,324,Loyal,2386.47
14444,457,1,132.04,1,1,1,111,Lost,132.04
14445,456,1,221.65,1,1,1,111,Lost,221.65
14446,1,5,1241.31,4,2,3,423,Champions,1241.31
14447,19,6,1711.73,4,3,3,433,Champions,1711.73
14448,10,2,375.35,4,1,2,412,Needs Attention,375.35
14449,19,8,2482.8,4,3,4,434,Champions,2482.8
14450,181,7,1128.44,2,3,3,233,At Risk,1128.44
14451,61,12,3308.77,3,3,4,334,Loyal,3308.77
14452,11,4,665.59,4,2,2,422,Needs Attention,665.59
14453,191,1,119.93,2,1,1,211,Lost,119.93
14454,377,5,977.3,2,2,3,223,At Risk,977.3
14455,433,4,628.21,1,2,2,122,At Risk,628.21
14456,6,9,3062.4,4,3,4,434,Champions,3062.4
14457,311,1,113.64,2,1,1,211,Lost,113.64
14458,381,1,237.42,1,1,1,111,Lost,237.42
14459,156,2,5375.74,2,1,4,214,Needs Attention,5375.74
14460,111,9,1093.5,2,3,3,233,At Risk,1093.5
14461,149,13,6713.5,2,3,4,234,At Risk,6713.5
14462,67,12,2270.01,3,3,3,333,Loyal,2270.01
14463,99,4,786.57,2,2,2,222,At Risk,786.57
14464,569,2,111.0,1,1,1,111,Lost,111.0
14465,247,11,3946.03,2,3,4,234,At Risk,3946.03
14466,30,13,4646.9,3,3,4,334,Loyal,4646.9
14467,18,12,2220.99,4,3,3,433,Champions,2220.99
14468,734,1,204.24,1,1,1,111,Lost,204.24
14469,417,4,2112.21,1,2,3,123,At Risk,2112.21
14470,12,3,712.04,4,2,2,422,Needs Attention,712.04
14471,592,2,400.95,1,1,2,112,Needs Attention,400.95
14472,104,9,2228.22,2,3,3,233,At Risk,2228.22
14473,75,2,234.34,3,1,1,311,Needs Attention,234.34
14474,47,2,1278.08,3,1,3,313,Loyal,1278.08
14475,72,4,1151.15,3,2,3,323,Loyal,1151.15
14476,258,1,215.7,2,1,1,211,Lost,215.7
14477,20,7,1969.6,4,3,3,433,Champions,1969.6
14478,383,4,1276.66,1,2,3,123,At Risk,1276.66
14479,254,4,1299.11,2,2,3,223,At Risk,1299.11
14480,12,4,1299.52,4,2,3,423,Champions,1299.52
14481,165,5,2311.49,2,2,4,224,At Risk,2311.49
14482,19,12,4357.91,4,3,4,434,Champions,4357.91
14483,282,2,257.1,2,1,1,211,Lost,257.1
14484,51,4,1070.98,3,2,3,323,Loyal,1070.98
14485,39,1,165.75,3,1,1,311,Needs Attention,165.75
14486,512,2,175.5,1,1,1,111,Lost,175.5
14487,27,7,1453.61,3,3,3,333,Loyal,1453.61
14488,68,1,1064.28,3,1,3,313,Loyal,1064.28
14489,208,4,1574.93,2,2,3,223,At Risk,1574.93
14490,407,2,1273.47,1,1,3,113,Needs Attention,1273.47
14491,176,2,468.13,2,1,2,212,Needs Attention,468.13
14492,431,7,1921.91,1,3,3,133,At Risk,1921.91
14493,8,10,5130.15,4,3,4,434,Champions,5130.15
14494,26,3,401.46,4,2,2,422,Needs Attention,401.46
14495,51,3,174.8,3,2,1,321,Needs Attention,174.8
14496,312,7,2668.23,2,3,4,234,At Risk,2668.23
14497,310,2,697.06,2,1,2,212,Needs Attention,697.06
14498,43,10,3911.27,3,3,4,334,Loyal,3911.27
14499,27,7,2138.97,3,3,3,333,Loyal,2138.97
14500,89,3,356.85,3,2,2,322,Needs Attention,356.85
14501,184,2,251.21,2,1,1,211,Lost,251.21
14502,20,11,2470.67,4,3,4,434,Champions,2470.67
14503,4,6,3543.26,4,3,4,434,Champions,3543.26
14504,48,4,673.26,3,2,2,322,Needs Attention,673.26
14505,18,19,12001.84,4,3,4,434,Champions,12001.84
14506,18,7,3290.67,4,3,4,434,Champions,3290.67
14507,24,11,3284.43,4,3,4,434,Champions,3284.43
14508,23,5,874.94,4,2,2,422,Needs Attention,874.94
14509,535,1,110.95,1,1,1,111,Lost,110.95
14510,376,3,1007.28,2,2,3,223,At Risk,1007.28
14511,12,5,1314.81,4,2,3,423,Champions,1314.81
14512,188,7,1223.47,2,3,3,233,At Risk,1223.47
14513,101,6,788.01,2,3,2,232,At Risk,788.01
14514,62,9,4598.98,3,3,4,334,Loyal,4598.98
14515,18,12,3749.26,4,3,4,434,Champions,3749.26
14516,517,1,163.92,1,1,1,111,Lost,163.92
14517,34,2,330.45,3,1,1,311,Needs Attention,330.45
14518,65,1,174.37,3,1,1,311,Needs Attention,174.37
14519,684,2,206.09,1,1,1,111,Lost,206.09
14520,2,2,270.6,4,1,1,411,Needs Attention,270.6
14521,492,1,199.45,1,1,1,111,Lost,199.45
14522,25,8,1758.62,4,3,3,433,Champions,1758.62
14523,109,1,241.09,2,1,1,211,Lost,241.09
14524,32,13,2933.71,3,3,4,334,Loyal,2933.71
14525,20,17,8240.64,4,3,4,434,Champions,8240.64
14526,390,1,262.4,1,1,1,111,Lost,262.4
14527,3,122,27792.3,4,3,4,434,Champions,27792.3
14528,38,1,364.22,3,1,2,312,Needs Attention,364.22
14529,61,3,620.04,3,2,2,322,Needs Attention,620.04
14530,26,16,6197.4,4,3,4,434,Champions,6197.4
14531,480,1,376.34,1,1,2,112,Needs Attention,376.34
14532,237,11,3859.18,2,3,4,234,At Risk,3859.18
14533,25,11,3466.37,4,3,4,434,Champions,3466.37
14534,3,26,6271.11,4,3,4,434,Champions,6271.11
14535,61,9,6030.73,3,3,4,334,Loyal,6030.73
14536,260,1,171.8,2,1,1,211,Lost,171.8
14537,58,2,641.4,3,1,2,312,Needs Attention,641.4
14538,65,5,1370.84,3,2,3,323,Loyal,1370.84
14539,16,2,537.48,4,1,2,412,Needs Attention,537.48
14540,10,11,3795.34,4,3,4,434,Champions,3795.34
14541,59,14,2499.68,3,3,4,334,Loyal,2499.68
14542,186,1,103.25,2,1,1,211,Lost,103.25
14543,29,39,14906.77,3,3,4,334,Loyal,14906.77
14544,25,3,2982.43,4,2,4,424,Champions,2982.43
14545,675,1,349.25,1,1,2,112,Needs Attention,349.25
14546,6,11,5197.9,4,3,4,434,Champions,5197.9
14547,4,8,4007.54,4,3,4,434,Champions,4007.54
14548,151,9,2627.49,2,3,4,234,At Risk,2627.49
14549,312,4,916.55,2,2,3,223,At Risk,916.55
14550,11,4,1353.31,4,2,3,423,Champions,1353.31
14551,19,7,880.04,4,3,2,432,Needs Attention,880.04
14552,152,3,511.28,2,2,2,222,At Risk,511.28
14553,20,9,1841.54,4,3,3,433,Champions,1841.54
14554,11,4,2381.04,4,2,4,424,Champions,2381.04
14555,58,6,2315.63,3,3,4,334,Loyal,2315.63
14556,597,3,835.34,1,2,2,122,At Risk,835.34
14557,86,1,788.38,3,1,2,312,Needs Attention,788.38
14558,655,3,655.5,1,2,2,122,At Risk,655.5
14559,391,1,75.6,1,1,1,111,Lost,75.6
14560,8,44,6114.03,4,3,4,434,Champions,6114.03
14561,76,3,1080.76,3,2,3,323,Loyal,1080.76
14562,4,26,6729.4,4,3,4,434,Champions,6729.4
14563,510,2,679.44,1,1,2,112,Needs Attention,679.44
14564,435,2,2605.62,1,1,4,114,Needs Attention,2605.62
14565,96,5,3859.22,3,2,4,324,Loyal,3859.22
14566,111,4,4092.0,2,2,4,224,At Risk,4092.0
14567,57,2,1530.36,3,1,3,313,Loyal,1530.36
14568,436,1,919.7,1,1,3,113,Needs Attention,919.7
14569,2,4,598.98,4,2,2,422,Needs Attention,598.98
14570,281,3,613.75,2,2,2,222,At Risk,613.75
14571,426,1,161.65,1,1,1,111,Lost,161.65
14572,4,11,5615.18,4,3,4,434,Champions,5615.18
14573,180,13,2621.42,2,3,4,234,At Risk,2621.42
14574,733,1,143.7,1,1,1,111,Lost,143.7
14575,489,1,460.71,1,1,2,112,Needs Attention,460.71
14576,373,1,70.8,2,1,1,211,Lost,70.8
14577,13,7,1374.25,4,3,3,433,Champions,1374.25
14578,4,1,168.63,4,1,1,411,Needs Attention,168.63
14579,433,1,105.56,1,1,1,111,Lost,105.56
14580,519,1,14.85,1,1,1,111,Lost,14.85
14581,17,2,433.8,4,1,2,412,Needs Attention,433.8
14582,41,1,114.11,3,1,1,311,Needs Attention,114.11
14583,6,8,1781.03,4,3,3,433,Champions,1781.03
14584,170,8,1747.91,2,3,3,233,At Risk,1747.91
14585,51,5,1143.27,3,2,3,323,Loyal,1143.27
14586,277,1,237.36,2,1,1,211,Lost,237.36
14587,19,9,1601.14,4,3,3,433,Champions,1601.14
14588,579,1,135.39,1,1,1,111,Lost,135.39
14589,372,1,79.5,2,1,1,211,Lost,79.5
14590,425,20,3006.62,1,3,4,134,At Risk,3006.62
14591,16,4,1447.14,4,2,3,423,Champions,1447.14
14592,36,3,570.46,3,2,2,322,Needs Attention,570.46
14593,22,12,3712.01,4,3,4,434,Champions,3712.01
14594,8,2,634.83,4,1,2,412,Needs Attention,634.83
14595,20,8,2164.45,4,3,3,433,Champions,2164.45
14596,627,1,229.47,1,1,1,111,Lost,229.47
14597,12,6,2201.54,4,3,3,433,Champions,2201.54
14598,45,2,384.04,3,1,2,312,Needs Attention,384.04
14599,391,2,474.54,1,1,2,112,Needs Attention,474.54
14600,306,2,865.17,2,1,2,212,Needs Attention,865.17
14601,11,1,213.96,4,1,1,411,Needs Attention,213.96
14602,657,1,205.36,1,1,1,111,Lost,205.36
14603,275,1,660.0,2,1,2,212,Needs Attention,660.0
14604,634,1,143.86,1,1,1,111,Lost,143.86
14605,375,4,937.16,2,2,3,223,At Risk,937.16
14606,2,192,30861.06,4,3,4,434,Champions,30861.06
14607,16,22,24137.63,4,3,4,434,Champions,24137.63
14608,5,11,3352.94,4,3,4,434,Champions,3352.94
14609,73,10,1486.2,3,3,3,333,Loyal,1486.2
14610,396,2,24.35,1,1,1,111,Lost,24.35
14611,444,2,604.33,1,1,2,112,Needs Attention,604.33
14612,416,1,877.7,1,1,2,112,Needs Attention,877.7
14613,681,1,76.32,1,1,1,111,Lost,76.32
14614,387,1,295.13,1,1,1,111,Lost,295.13
14615,395,5,951.76,1,2,3,123,At Risk,951.76
14616,243,5,527.78,2,2,2,222,At Risk,527.78
14617,403,2,190.47,1,1,1,111,Lost,190.47
14618,10,7,1342.32,4,3,3,433,Champions,1342.32
14619,246,2,1291.24,2,1,3,213,Needs Attention,1291.24
14620,206,2,412.78,2,1,2,212,Needs Attention,412.78
14621,2,9,3000.57,4,3,4,434,Champions,3000.57
14622,185,1,320.58,2,1,1,211,Lost,320.58
14623,33,10,2059.58,3,3,3,333,Loyal,2059.58
14624,58,6,814.07,3,3,2,332,Needs Attention,814.07
14625,197,11,4497.88,2,3,4,234,At Risk,4497.88
14626,24,11,5410.92,4,3,4,434,Champions,5410.92
14627,380,1,462.75,2,1,2,212,Needs Attention,462.75
14628,92,5,1998.0,3,2,3,323,Loyal,1998.0
14629,5,2,959.01,4,1,3,413,Loyal,959.01
14630,485,1,338.65,1,1,1,111,Lost,338.65
14631,51,6,2025.69,3,3,3,333,Loyal,2025.69
14632,263,1,114.56,2,1,1,211,Lost,114.56
14633,267,1,344.9,2,1,1,211,Lost,344.9
14634,438,4,2124.46,1,2,3,123,At Risk,2124.46
14635,454,1,215.22,1,1,1,111,Lost,215.22
14636,37,2,609.85,3,1,2,312,Needs Attention,609.85
14637,678,1,106.68,1,1,1,111,Lost,106.68
14638,51,1,443.6,3,1,2,312,Needs Attention,443.6
14639,53,9,4978.96,3,3,4,334,Loyal,4978.96
14640,25,10,3667.06,4,3,4,434,Champions,3667.06
14641,22,1,110.46,4,1,1,411,Needs Attention,110.46
14642,59,1,96.12,3,1,1,311,Needs Attention,96.12
14643,171,5,1679.89,2,2,3,223,At Risk,1679.89
14644,68,7,2247.72,3,3,3,333,Loyal,2247.72
14645,157,3,876.89,2,2,2,222,At Risk,876.89
14646,2,151,528602.52,4,3,4,434,Champions,528602.52
14647,202,2,519.97,2,1,2,212,Needs Attention,519.97
14648,417,15,4546.86,1,3,4,134,At Risk,4546.86
14649,5,9,3775.31,4,3,4,434,Champions,3775.31
14650,590,1,62.5,1,1,1,111,Lost,62.5
14651,68,9,2034.12,3,3,3,333,Loyal,2034.12
14652,78,1,114.18,3,1,1,311,Needs Attention,114.18
14653,2,12,3614.54,4,3,4,434,Champions,3614.54
14654,739,1,246.86,1,1,1,111,Lost,246.86
14655,9,7,3878.51,4,3,4,434,Champions,3878.51
14656,170,5,814.65,2,2,2,222,At Risk,814.65
14657,18,6,1460.87,4,3,3,433,Champions,1460.87
14658,6,2,247.15,4,1,1,411,Needs Attention,247.15
14659,9,9,2529.93,4,3,4,434,Champions,2529.93
14660,87,2,285.74,3,1,1,311,Needs Attention,285.74
14661,27,1,107.95,3,1,1,311,Needs Attention,107.95
14662,29,7,1416.33,3,3,3,333,Loyal,1416.33
14663,431,2,490.6,1,1,2,112,Needs Attention,490.6
14664,20,2,637.89,4,1,2,412,Needs Attention,637.89
14665,61,7,2749.65,3,3,4,334,Loyal,2749.65
14666,25,1,195.25,4,1,1,411,Needs Attention,195.25
14667,11,54,21927.14,4,3,4,434,Champions,21927.14
14668,446,1,111.63,1,1,1,111,Lost,111.63
14669,242,7,3243.93,2,3,4,234,At Risk,3243.93
14670,281,3,602.0,2,2,2,222,At Risk,602.0
14671,550,2,1127.45,1,1,3,113,Needs Attention,1127.45
14672,235,4,1113.14,2,2,3,223,At Risk,1113.14
14673,4,7,3410.81,4,3,4,434,Champions,3410.81
14674,510,1,173.66,1,1,1,111,Lost,173.66
14675,17,2,1066.9,4,1,3,413,Loyal,1066.9
14676,32,12,8356.79,3,3,4,334,Loyal,8356.79
14677,593,1,184.91,1,1,1,111,Lost,184.91
14678,580,1,403.39,1,1,2,112,Needs Attention,403.39
14679,382,3,1289.44,1,2,3,123,At Risk,1289.44
14680,26,58,57412.77,4,3,4,434,Champions,57412.77
14681,72,6,875.15,3,3,2,332,Needs Attention,875.15
14682,188,6,1514.81,2,3,3,233,At Risk,1514.81
14683,589,1,146.56,1,1,1,111,Lost,146.56
14684,26,6,1468.55,4,3,3,433,Champions,1468.55
14685,577,8,4619.79,1,3,4,134,At Risk,4619.79
14686,415,5,885.83,1,2,2,122,At Risk,885.83
14687,107,3,1402.06,2,2,3,223,At Risk,1402.06
14688,8,28,7713.57,4,3,4,434,Champions,7713.57
14689,209,1,112.8,2,1,1,211,Lost,112.8
14690,45,4,794.33,3,2,2,322,Needs Attention,794.33
14691,31,5,2114.33,3,2,3,323,Loyal,2114.33
14692,138,12,1745.09,2,3,3,233,At Risk,1745.09
14693,265,7,1165.36,2,3,3,233,At Risk,1165.36
14694,618,1,244.31,1,1,1,111,Lost,244.31
14695,520,3,1620.07,1,2,3,123,At Risk,1620.07
14696,5,8,2767.9,4,3,4,434,Champions,2767.9
14697,219,2,188.61,2,1,1,211,Lost,188.61
14698,2,5,1250.76,4,2,3,423,Champions,1250.76
14699,215,4,702.6,2,2,2,222,At Risk,702.6
14700,33,5,3116.26,3,2,4,324,Loyal,3116.26
14701,11,15,4562.09,4,3,4,434,Champions,4562.09
14702,2,29,6754.22,4,3,4,434,Champions,6754.22
14703,15,1,318.17,4,1,1,411,Needs Attention,318.17
14704,12,11,1813.57,4,3,3,433,Champions,1813.57
14705,199,1,179.0,2,1,1,211,Lost,179.0
14706,619,1,390.69,1,1,2,112,Needs Attention,390.69
14707,436,2,139.2,1,1,1,111,Lost,139.2
14708,3,5,2212.28,4,2,3,423,Champions,2212.28
14709,16,25,8886.33,4,3,4,434,Champions,8886.33
14710,15,13,1922.59,4,3,3,433,Champions,1922.59
14711,11,11,2868.8,4,3,4,434,Champions,2868.8
14712,30,4,1328.07,3,2,3,323,Loyal,1328.07
14713,10,21,5418.87,4,3,4,434,Champions,5418.87
14714,25,4,906.24,4,2,3,423,Champions,906.24
14715,25,8,1840.45,4,3,3,433,Champions,1840.45
14716,44,3,565.45,3,2,2,322,Needs Attention,565.45
14717,734,1,81.3,1,1,1,111,Lost,81.3
14718,411,1,226.42,1,1,1,111,Lost,226.42
14719,2,5,1602.13,4,2,3,423,Champions,1602.13
14720,6,3,663.81,4,2,2,422,Needs Attention,663.81
14721,380,1,115.77,2,1,1,211,Lost,115.77
14722,148,3,513.37,2,2,2,222,At Risk,513.37
14723,11,11,2093.06,4,3,3,433,Champions,2093.06
14724,591,1,345.25,1,1,1,111,Lost,345.25
14725,25,4,1315.24,4,2,3,423,Champions,1315.24
14726,655,1,124.75,1,1,1,111,Lost,124.75
14727,275,3,467.93,2,2,2,222,At Risk,467.93
14728,414,1,190.58,1,1,1,111,Lost,190.58
14729,374,3,907.38,2,2,3,223,At Risk,907.38
14730,2,8,2005.06,4,3,3,433,Champions,2005.06
14731,48,3,380.02,3,2,2,322,Needs Attention,380.02
14732,9,19,5517.07,4,3,4,434,Champions,5517.07
14733,17,15,16184.97,4,3,4,434,Champions,16184.97
14734,426,4,1056.42,1,2,3,123,At Risk,1056.42
14735,4,56,12240.16,4,3,4,434,Champions,12240.16
14736,486,2,401.08,1,1,2,112,Needs Attention,401.08
14737,4,4,3554.17,4,2,4,424,Champions,3554.17
14738,43,9,1821.9,3,3,3,333,Loyal,1821.9
14739,5,25,12287.5,4,3,4,434,Champions,12287.5
14740,198,11,4161.06,2,3,4,234,At Risk,4161.06
14741,12,7,1897.59,4,3,3,433,Champions,1897.59
14742,436,1,579.85,1,1,2,112,Needs Attention,579.85
14743,593,1,50.48,1,1,1,111,Lost,50.48
14744,17,14,3885.08,4,3,4,434,Champions,3885.08
14745,113,12,2571.81,2,3,4,234,At Risk,2571.81
14746,407,4,593.5,1,2,2,122,At Risk,593.5
14747,250,1,328.2,2,1,1,211,Lost,328.2
14748,30,10,3152.32,3,3,4,334,Loyal,3152.32
14749,480,1,310.15,1,1,1,111,Lost,310.15
14750,737,1,112.03,1,1,1,111,Lost,112.03
14751,685,2,126.45,1,1,1,111,Lost,126.45
14752,44,1,389.64,3,1,2,312,Needs Attention,389.64
14753,88,2,869.51,3,1,2,312,Needs Attention,869.51
14754,45,6,1550.48,3,3,3,333,Loyal,1550.48
14755,10,25,9972.55,4,3,4,434,Champions,9972.55
14756,16,3,2653.76,4,2,4,424,Champions,2653.76
14757,76,1,420.5,3,1,2,312,Needs Attention,420.5
14758,145,7,2864.97,2,3,4,234,At Risk,2864.97
14759,5,3,1625.97,4,2,3,423,Champions,1625.97
14760,298,1,89.2,2,1,1,211,Lost,89.2
14761,59,3,447.92,3,2,2,322,Needs Attention,447.92
14762,264,2,417.57,2,1,2,212,Needs Attention,417.57
14764,47,1,278.3,3,1,1,311,Needs Attention,278.3
14765,30,3,254.11,3,2,1,321,Needs Attention,254.11
14766,9,11,6556.13,4,3,4,434,Champions,6556.13
14767,475,1,382.81,1,1,2,112,Needs Attention,382.81
14768,18,2,192.6,4,1,1,411,Needs Attention,192.6
14769,3,17,15771.88,4,3,4,434,Champions,15771.88
14770,233,8,3637.64,2,3,4,234,At Risk,3637.64
14771,622,2,594.62,1,1,2,112,Needs Attention,594.62
14772,113,1,139.26,2,1,1,211,Lost,139.26
14773,593,1,140.55,1,1,1,111,Lost,140.55
14774,529,1,241.45,1,1,1,111,Lost,241.45
14775,59,3,1418.46,3,2,3,323,Loyal,1418.46
14776,52,15,3708.3,3,3,4,334,Loyal,3708.3
14777,404,1,307.56,1,1,1,111,Lost,307.56
14778,128,2,730.86,2,1,2,212,Needs Attention,730.86
14779,281,3,386.15,2,2,2,222,At Risk,386.15
14780,55,2,447.68,3,1,2,312,Needs Attention,447.68
14782,320,1,200.1,2,1,1,211,Lost,200.1
14783,660,1,307.3,1,1,1,111,Lost,307.3
14784,27,3,449.93,3,2,2,322,Needs Attention,449.93
14785,11,2,77.4,4,1,1,411,Needs Attention,77.4
14786,551,1,90.96,1,1,1,111,Lost,90.96
14787,472,1,110.65,1,1,1,111,Lost,110.65
14788,8,3,1156.32,4,2,3,423,Champions,1156.32
14789,29,1,197.64,3,1,1,311,Needs Attention,197.64
14790,17,10,2526.62,4,3,4,434,Champions,2526.62
14791,607,1,303.63,1,1,1,111,Lost,303.63
14792,64,1,6.2,3,1,1,311,Needs Attention,6.2
14793,22,2,625.9,4,1,2,412,Needs Attention,625.9
14794,3,10,1953.9,4,3,3,433,Champions,1953.9
14795,167,1,131.45,2,1,1,211,Lost,131.45
14796,2,27,10889.64,4,3,4,434,Champions,10889.64
14797,508,1,300.31,1,1,1,111,Lost,300.31
14798,53,8,724.31,3,3,2,332,Needs Attention,724.31
14799,52,2,338.15,3,1,1,311,Needs Attention,338.15
14800,48,17,7774.32,3,3,4,334,Loyal,7774.32
14801,62,1,193.14,3,1,1,311,Needs Attention,193.14
14802,439,2,1502.98,1,1,3,113,Needs Attention,1502.98
14803,163,3,845.55,2,2,2,222,At Risk,845.55
14804,9,1,353.27,4,1,2,412,Needs Attention,353.27
14805,16,7,1104.64,4,3,3,433,Champions,1104.64
14806,76,2,303.43,3,1,1,311,Needs Attention,303.43
14807,391,2,519.29,1,1,2,112,Needs Attention,519.29
14808,40,8,2741.17,3,3,4,334,Loyal,2741.17
14809,622,2,686.76,1,1,2,112,Needs Attention,686.76
14810,41,13,2537.02,3,3,4,334,Loyal,2537.02
14811,388,1,170.5,1,1,1,111,Lost,170.5
14812,599,1,185.8,1,1,1,111,Lost,185.8
14813,370,4,1090.87,2,2,3,223,At Risk,1090.87
14814,582,1,160.46,1,1,1,111,Lost,160.46
14815,37,2,778.5,3,1,2,312,Needs Attention,778.5
14816,198,1,271.85,2,1,1,211,Lost,271.85
14817,201,7,3959.86,2,3,4,234,At Risk,3959.86
14818,74,6,1170.41,3,3,3,333,Loyal,1170.41
14819,65,4,470.16,3,2,2,322,Needs Attention,470.16
14820,22,9,1274.76,4,3,3,433,Champions,1274.76
14821,367,7,1286.45,2,3,3,233,At Risk,1286.45
14822,486,1,157.7,1,1,1,111,Lost,157.7
14823,181,3,321.43,2,2,1,221,Needs Attention,321.43
14824,11,10,4022.91,4,3,4,434,Champions,4022.91
14825,4,24,4925.08,4,3,4,434,Champions,4925.08
14826,582,2,385.2,1,1,2,112,Needs Attention,385.2
14828,197,13,9839.46,2,3,4,234,At Risk,9839.46
14829,30,7,1692.84,3,3,3,333,Loyal,1692.84
14830,54,1,197.13,3,1,1,311,Needs Attention,197.13
14831,681,3,1676.57,1,2,3,123,At Risk,1676.57
14832,631,1,322.69,1,1,1,111,Lost,322.69
14833,499,1,94.8,1,1,1,111,Lost,94.8
14834,18,7,2206.16,4,3,3,433,Champions,2206.16
14835,529,2,297.0,1,1,1,111,Lost,297.0
14836,11,3,102.45,4,2,1,421,Needs Attention,102.45
14837,90,9,3460.32,3,3,4,334,Loyal,3460.32
14838,424,2,773.67,1,1,2,112,Needs Attention,773.67
14839,419,3,915.28,1,2,3,123,At Risk,915.28
14840,268,2,362.71,2,1,2,212,Needs Attention,362.71
14841,54,14,7163.0,3,3,4,334,Loyal,7163.0
14842,44,4,2824.69,3,2,4,324,Loyal,2824.69
14843,437,1,211.8,1,1,1,111,Lost,211.8
14844,64,10,6702.43,3,3,4,334,Loyal,6702.43
14845,600,1,150.0,1,1,1,111,Lost,150.0
14846,428,1,437.4,1,1,2,112,Needs Attention,437.4
14847,149,3,1348.95,2,2,3,223,At Risk,1348.95
14848,405,1,310.56,1,1,1,111,Lost,310.56
14849,22,43,15763.45,4,3,4,434,Champions,15763.45
14850,312,7,1794.01,2,3,3,233,At Risk,1794.01
14851,24,3,829.41,4,2,2,422,Needs Attention,829.41
14852,59,18,6147.18,3,3,4,334,Loyal,6147.18
14853,25,5,1376.87,4,2,3,423,Champions,1376.87
14854,79,11,4322.86,3,3,4,334,Loyal,4322.86
14855,120,7,6520.3,2,3,4,234,At Risk,6520.3
14856,37,3,1311.38,3,2,3,323,Loyal,1311.38
14857,60,7,3651.85,3,3,4,334,Loyal,3651.85
14858,506,1,180.75,1,1,1,111,Lost,180.75
14859,13,5,1705.64,4,2,3,423,Champions,1705.64
14860,20,1,170.32,4,1,1,411,Needs Attention,170.32
14861,53,10,1380.73,3,3,3,333,Loyal,1380.73
14862,26,2,841.2,4,1,2,412,Needs Attention,841.2
14863,30,1,266.76,3,1,1,311,Needs Attention,266.76
14865,8,4,129.72,4,2,1,421,Needs Attention,129.72
14866,11,19,20850.22,4,3,4,434,Champions,20850.22
14867,186,16,2952.06,2,3,4,234,At Risk,2952.06
14868,4,12,4184.01,4,3,4,434,Champions,4184.01
14869,9,6,2804.24,4,3,4,434,Champions,2804.24
14870,262,6,1838.95,2,3,3,233,At Risk,1838.95
14871,4,9,1258.97,4,3,3,433,Champions,1258.97
14872,484,3,816.6,1,2,2,122,At Risk,816.6
14873,211,2,854.13,2,1,2,212,Needs Attention,854.13
14874,536,1,116.18,1,1,1,111,Lost,116.18
14875,108,3,2862.4,2,2,4,224,At Risk,2862.4
14876,522,2,256.7,1,1,1,111,Lost,256.7
14877,419,2,437.0,1,1,2,112,Needs Attention,437.0
14878,13,25,4105.24,4,3,4,434,Champions,4105.24
14879,685,1,185.06,1,1,1,111,Lost,185.06
14880,78,3,706.19,3,2,2,322,Needs Attention,706.19
14881,20,1,255.4,4,1,1,411,Needs Attention,255.4
14882,27,14,3628.15,3,3,4,334,Loyal,3628.15
14883,19,6,761.59,4,3,2,432,Needs Attention,761.59
14884,670,1,120.6,1,1,1,111,Lost,120.6
14885,132,3,1598.12,2,2,3,223,At Risk,1598.12
14886,253,1,364.8,2,1,2,212,Needs Attention,364.8
14887,80,1,1862.0,3,1,3,313,Loyal,1862.0
14888,208,1,369.2,2,1,2,212,Needs Attention,369.2
14889,337,1,135.9,2,1,1,211,Lost,135.9
14890,254,3,817.25,2,2,2,222,At Risk,817.25
14891,149,4,1106.73,2,2,3,223,At Risk,1106.73
14892,691,1,202.35,1,1,1,111,Lost,202.35
14893,10,3,1809.61,4,2,3,423,Champions,1809.61
14894,86,3,1492.81,3,2,3,323,Loyal,1492.81
14895,8,38,25119.54,4,3,4,434,Champions,25119.54
14896,205,8,2092.42,2,3,3,233,At Risk,2092.42
14897,8,8,3140.54,4,3,4,434,Champions,3140.54
14898,24,14,3507.81,4,3,4,434,Champions,3507.81
14899,396,1,1384.88,1,1,3,113,Needs Attention,1384.88
14900,523,1,13.92,1,1,1,111,Lost,13.92
14901,12,12,2289.65,4,3,3,433,Champions,2289.65
14902,26,3,1035.62,4,2,3,423,Champions,1035.62
14903,22,5,2810.63,4,2,4,424,Champions,2810.63
14904,3,4,1640.64,4,2,3,423,Champions,1640.64
14905,158,8,1971.39,2,3,3,233,At Risk,1971.39
14906,446,1,68.44,1,1,1,111,Lost,68.44
14907,4,16,6165.79,4,3,4,434,Champions,6165.79
14908,75,2,381.9,3,1,2,312,Needs Attention,381.9
14909,438,3,1404.68,1,2,3,123,At Risk,1404.68
14910,3,4,434.35,4,2,2,422,Needs Attention,434.35
14911,2,398,295972.63,4,3,4,434,Champions,295972.63
14912,17,6,1889.25,4,3,3,433,Champions,1889.25
14913,36,8,4073.13,3,3,4,334,Loyal,4073.13
14915,92,11,1811.25,3,3,3,333,Loyal,1811.25
14916,71,8,3042.95,3,3,4,334,Loyal,3042.95
14917,597,2,1123.75,1,1,3,113,Needs Attention,1123.75
14918,116,9,5955.81,2,3,4,234,At Risk,5955.81
14919,540,1,359.35,1,1,2,112,Needs Attention,359.35
14920,213,3,1607.17,2,2,3,223,At Risk,1607.17
14921,31,2,1316.07,3,1,3,313,Loyal,1316.07
14922,394,2,843.74,1,1,2,112,Needs Attention,843.74
14923,51,1,749.1,3,1,2,312,Needs Attention,749.1
14924,246,3,931.01,2,2,3,223,At Risk,931.01
14926,382,2,359.4,1,1,2,112,Needs Attention,359.4
14927,397,1,308.2,1,1,1,111,Lost,308.2
14928,628,1,223.91,1,1,1,111,Lost,223.91
14929,33,2,836.69,3,1,2,312,Needs Attention,836.69
14930,109,6,5246.63,2,3,4,234,At Risk,5246.63
14931,5,5,1257.68,4,2,3,423,Champions,1257.68
14932,366,2,1029.66,2,1,3,213,Needs Attention,1029.66
14933,444,4,1770.0,1,2,3,123,At Risk,1770.0
14934,82,5,3503.5,3,2,4,324,Loyal,3503.5
14935,298,2,2849.83,2,1,4,214,Needs Attention,2849.83
14936,34,12,12410.81,3,3,4,334,Loyal,12410.81
14937,57,3,1621.88,3,2,3,323,Loyal,1621.88
14938,563,2,2322.43,1,1,4,114,Needs Attention,2322.43
14940,418,2,531.49,1,1,2,112,Needs Attention,531.49
14941,579,1,182.1,1,1,1,111,Lost,182.1
14942,402,4,746.56,1,2,2,122,At Risk,746.56
14943,664,1,107.62,1,1,1,111,Lost,107.62
14944,30,19,9784.67,3,3,4,334,Loyal,9784.67
14945,414,1,179.4,1,1,1,111,Lost,179.4
14946,15,1,100.9,4,1,1,411,Needs Attention,100.9
14947,73,6,1049.79,3,3,3,333,Loyal,1049.79
14948,24,6,1101.97,4,3,3,433,Champions,1101.97
14949,470,4,515.0,1,2,2,122,At Risk,515.0
14950,20,1,371.2,4,1,2,412,Needs Attention,371.2
14951,80,1,311.69,3,1,1,311,Needs Attention,311.69
14952,60,32,17629.35,3,3,4,334,Loyal,17629.35
14953,26,4,1013.77,4,2,3,423,Champions,1013.77
14954,13,2,503.44,4,1,2,412,Needs Attention,503.44
14955,733,1,163.77,1,1,1,111,Lost,163.77
14956,422,1,1325.0,1,1,3,113,Needs Attention,1325.0
14957,254,2,333.29,2,1,1,211,Lost,333.29
14958,148,6,957.94,2,3,3,233,At Risk,957.94
14959,65,4,695.42,3,2,2,322,Needs Attention,695.42
14960,9,2,221.27,4,1,1,411,Needs Attention,221.27
14961,11,22,16410.15,4,3,4,434,Champions,16410.15
14962,271,4,366.91,2,2,2,222,At Risk,366.91
14963,10,12,3164.48,4,3,4,434,Champions,3164.48
14964,248,1,206.21,2,1,1,211,Lost,206.21
14965,97,2,599.0,2,1,2,212,Needs Attention,599.0
14966,15,6,1115.84,4,3,3,433,Champions,1115.84
14967,50,6,1982.61,3,3,3,333,Loyal,1982.61
14968,31,2,504.99,3,1,2,312,Needs Attention,504.99
14969,704,1,906.23,1,1,3,113,Needs Attention,906.23
14970,69,12,4919.35,3,3,4,334,Loyal,4919.35
14971,36,3,1116.57,3,2,3,323,Loyal,1116.57
14972,129,2,145.07,2,1,1,211,Lost,145.07
14973,108,3,1314.45,2,2,3,223,At Risk,1314.45
14974,38,1,114.39,3,1,1,311,Needs Attention,114.39
14975,58,2,472.39,3,1,2,312,Needs Attention,472.39
14976,58,7,790.86,3,3,2,332,Needs Attention,790.86
14977,726,1,31.93,1,1,1,111,Lost,31.93
14978,73,10,3142.14,3,3,4,334,Loyal,3142.14
14979,736,1,439.46,1,1,2,112,Needs Attention,439.46
14980,738,1,150.68,1,1,1,111,Lost,150.68
14981,247,2,372.92,2,1,2,212,Needs Attention,372.92
14982,573,1,237.78,1,1,1,111,Lost,237.78
14983,690,1,183.2,1,1,1,111,Lost,183.2
14984,20,6,1271.41,4,3,3,433,Champions,1271.41
14985,199,2,296.75,2,1,1,211,Lost,296.75
14986,377,2,566.9,2,1,2,212,Needs Attention,566.9
14987,16,8,1713.85,4,3,3,433,Champions,1713.85
14988,212,7,2066.6,2,3,3,233,At Risk,2066.6
14989,662,1,342.4,1,1,1,111,Lost,342.4
14990,613,2,305.42,1,1,1,111,Lost,305.42
14991,431,1,314.67,1,1,1,111,Lost,314.67
14992,443,1,210.5,1,1,1,111,Lost,210.5
14993,564,1,36.13,1,1,1,111,Lost,36.13
14994,383,5,960.63,1,2,3,123,At Risk,960.63
14995,39,2,233.23,3,1,1,311,Needs Attention,233.23
14996,482,2,442.29,1,1,2,112,Needs Attention,442.29
14997,47,4,776.6,3,2,2,322,Needs Attention,776.6
14998,171,4,770.73,2,2,2,222,At Risk,770.73
14999,593,1,129.48,1,1,1,111,Lost,129.48
15000,48,1,490.52,3,1,2,312,Needs Attention,490.52
15001,395,2,230.86,1,1,1,111,Lost,230.86
15002,116,9,4817.28,2,3,4,234,At Risk,4817.28
15003,474,6,1060.7,1,3,3,133,At Risk,1060.7
15004,148,1,1246.32,2,1,3,213,Needs Attention,1246.32
15005,16,56,14106.2,4,3,4,434,Champions,14106.2
15006,52,2,825.14,3,1,2,312,Needs Attention,825.14
15007,160,1,156.91,2,1,1,211,Lost,156.91
15008,481,2,360.0,1,1,2,112,Needs Attention,360.0
15009,13,3,1261.78,4,2,3,423,Champions,1261.78
15010,36,1,308.94,3,1,1,311,Needs Attention,308.94
15011,396,2,416.6,1,1,2,112,Needs Attention,416.6
15012,54,3,860.62,3,2,2,322,Needs Attention,860.62
15013,488,10,1641.3,1,3,3,133,At Risk,1641.3
15014,44,2,260.17,3,1,1,311,Needs Attention,260.17
15015,502,13,2365.02,1,3,4,134,At Risk,2365.02
15016,173,5,630.3,2,2,2,222,At Risk,630.3
15017,34,1,125.58,3,1,1,311,Needs Attention,125.58
15018,39,3,607.46,3,2,2,322,Needs Attention,607.46
15019,267,1,266.0,2,1,1,211,Lost,266.0
15020,380,1,203.42,2,1,1,211,Lost,203.42
15021,9,12,2783.83,4,3,4,434,Champions,2783.83
15022,12,5,1186.09,4,2,3,423,Champions,1186.09
15023,4,20,12170.68,4,3,4,434,Champions,12170.68
15024,10,16,4075.51,4,3,4,434,Champions,4075.51
15025,34,2,1013.09,3,1,3,313,Loyal,1013.09
15026,81,5,1061.61,3,2,3,323,Loyal,1061.61
15027,31,10,3195.6,3,3,4,334,Loyal,3195.6
15028,9,6,1157.71,4,3,3,433,Champions,1157.71
15029,620,1,365.1,1,1,2,112,Needs Attention,365.1
15030,72,8,1979.91,3,3,3,333,Loyal,1979.91
15031,5,14,3156.58,4,3,4,434,Champions,3156.58
15032,257,8,13780.65,2,3,4,234,At Risk,13780.65
15033,5,10,2586.67,4,3,4,434,Champions,2586.67
15034,16,14,8313.4,4,3,4,434,Champions,8313.4
15035,90,1,252.73,3,1,1,311,Needs Attention,252.73
15036,73,3,465.55,3,2,2,322,Needs Attention,465.55
15037,377,2,402.51,2,1,2,212,Needs Attention,402.51
15038,59,9,1309.86,3,3,3,333,Loyal,1309.86
15039,10,93,40031.43,4,3,4,434,Champions,40031.43
15040,542,1,7.49,1,1,1,111,Lost,7.49
15041,171,2,294.02,2,1,1,211,Lost,294.02
15042,200,2,315.45,2,1,1,211,Lost,315.45
15043,32,6,2873.8,3,3,4,334,Loyal,2873.8
15044,20,35,16204.33,4,3,4,434,Champions,16204.33
15045,152,2,735.66,2,1,2,212,Needs Attention,735.66
15046,10,25,7812.39,4,3,4,434,Champions,7812.39
15047,270,1,343.62,2,1,1,211,Lost,343.62
15048,66,4,482.75,3,2,2,322,Needs Attention,482.75
15049,274,1,121.17,2,1,1,211,Lost,121.17
15050,26,5,4193.79,4,2,4,424,Champions,4193.79
15051,24,9,3935.16,4,3,4,434,Champions,3935.16
15052,320,1,215.78,2,1,1,211,Lost,215.78
15053,5,3,697.79,4,2,2,422,Needs Attention,697.79
15054,13,2,302.1,4,1,1,411,Needs Attention,302.1
15055,475,3,560.07,1,2,2,122,At Risk,560.07
15056,521,1,133.45,1,1,1,111,Lost,133.45
15057,276,5,3255.96,2,2,4,224,At Risk,3255.96
15058,26,16,3410.03,4,3,4,434,Champions,3410.03
15059,41,19,3523.57,3,3,4,334,Loyal,3523.57
15060,9,4,303.09,4,2,1,421,Needs Attention,303.09
15061,4,127,137818.52,4,3,4,434,Champions,137818.52
15062,72,8,2585.62,3,3,4,334,Loyal,2585.62
15063,214,1,370.8,2,1,2,212,Needs Attention,370.8
15064,411,4,1254.41,1,2,3,123,At Risk,1254.41
15065,38,5,3326.86,3,2,4,324,Loyal,3326.86
15066,54,1,893.59,3,1,2,312,Needs Attention,893.59
15067,79,5,3877.88,3,2,4,324,Loyal,3877.88
15068,47,4,1176.85,3,2,3,323,Loyal,1176.85
15069,180,1,1109.53,2,1,3,213,Needs Attention,1109.53
15070,373,3,843.25,2,2,2,222,At Risk,843.25
15071,94,4,1455.56,3,2,3,323,Loyal,1455.56
15072,480,1,187.52,1,1,1,111,Lost,187.52
15073,10,8,2788.02,4,3,4,434,Champions,2788.02
15074,106,3,1566.33,2,2,3,223,At Risk,1566.33
15075,78,1,773.03,3,1,2,312,Needs Attention,773.03
15076,173,3,1447.74,2,2,3,223,At Risk,1447.74
15077,495,2,2428.08,1,1,4,114,Needs Attention,2428.08
15078,8,53,17761.88,4,3,4,434,Champions,17761.88
15079,213,11,3767.35,2,3,4,234,At Risk,3767.35
15080,428,2,546.25,1,1,2,112,Needs Attention,546.25
15081,23,12,1965.72,4,3,3,433,Champions,1965.72
15082,669,1,93.35,1,1,1,111,Lost,93.35
15083,257,1,88.2,2,1,1,211,Lost,88.2
15084,380,2,965.2,2,1,3,213,Needs Attention,965.2
15085,730,1,347.54,1,1,1,111,Lost,347.54
15086,565,2,218.53,1,1,1,111,Lost,218.53
15087,282,1,306.94,2,1,1,211,Lost,306.94
15088,22,2,1160.07,4,1,3,413,Loyal,1160.07
15089,11,6,2420.84,4,3,4,434,Champions,2420.84
15090,309,1,381.32,2,1,2,212,Needs Attention,381.32
15091,68,3,1046.61,3,2,3,323,Loyal,1046.61
15092,216,3,776.46,2,2,2,222,At Risk,776.46
15093,19,23,14326.11,4,3,4,434,Champions,14326.11
15094,464,2,83.0,1,1,1,111,Lost,83.0
15095,104,10,3141.64,2,3,4,234,At Risk,3141.64
15096,43,1,219.39,3,1,1,311,Needs Attention,219.39
15097,5,3,908.35,4,2,3,423,Champions,908.35
15098,183,3,39916.5,2,2,4,224,At Risk,39916.5
15099,85,1,410.48,3,1,2,312,Needs Attention,410.48
15100,334,7,2894.7,2,3,4,234,At Risk,2894.7
15101,9,6,1477.94,4,3,3,433,Champions,1477.94
15102,531,2,554.67,1,1,2,112,Needs Attention,554.67
15103,32,2,703.36,3,1,2,312,Needs Attention,703.36
15104,197,2,1027.44,2,1,3,213,Needs Attention,1027.44
15105,19,9,3094.91,4,3,4,434,Champions,3094.91
15106,18,5,1422.52,4,2,3,423,Champions,1422.52
15107,312,9,940.35,2,3,3,233,At Risk,940.35
15108,142,4,1300.25,2,2,3,223,At Risk,1300.25
15109,246,3,983.1,2,2,3,223,At Risk,983.1
15110,24,6,1505.85,4,3,3,433,Champions,1505.85
15111,30,5,2730.87,3,2,4,324,Loyal,2730.87
15112,612,1,209.4,1,1,1,111,Lost,209.4
15113,10,3,3609.33,4,2,4,424,Champions,3609.33
15114,31,12,3400.12,3,3,4,334,Loyal,3400.12
15115,19,2,531.85,4,1,2,412,Needs Attention,531.85
15116,18,4,1352.75,4,2,3,423,Champions,1352.75
15117,15,8,2485.97,4,3,4,434,Champions,2485.97
15118,135,1,244.8,2,1,1,211,Lost,244.8
15119,246,1,266.4,2,1,1,211,Lost,266.4
15120,134,1,358.82,2,1,2,212,Needs Attention,358.82
15121,51,2,457.72,3,1,2,312,Needs Attention,457.72
15122,115,11,4497.47,2,3,4,234,At Risk,4497.47
15123,8,5,4656.17,4,2,4,424,Champions,4656.17
15124,23,4,450.82,4,2,2,422,Needs Attention,450.82
15125,26,24,17024.87,4,3,4,434,Champions,17024.87
15126,537,2,449.49,1,1,2,112,Needs Attention,449.49
15127,66,2,711.5,3,1,2,312,Needs Attention,711.5
15128,61,5,1783.68,3,2,3,323,Loyal,1783.68
15129,51,23,6860.18,3,3,4,334,Loyal,6860.18
15130,170,1,330.11,2,1,1,211,Lost,330.11
15131,395,1,80.28,1,1,1,111,Lost,80.28
15132,19,5,977.93,4,2,3,423,Champions,977.93
15133,128,5,1806.9,2,2,3,223,At Risk,1806.9
15134,15,10,1596.29,4,3,3,433,Champions,1596.29
15135,240,2,305.68,2,1,1,211,Lost,305.68
15136,3,4,1286.7,4,2,3,423,Champions,1286.7
15137,521,2,823.4,1,1,2,112,Needs Attention,823.4
15138,394,1,502.52,1,1,2,112,Needs Attention,502.52
15139,240,2,178.96,2,1,1,211,Lost,178.96
15140,53,8,3243.69,3,3,4,334,Loyal,3243.69
15141,458,7,1388.47,1,3,3,133,At Risk,1388.47
15142,47,6,2619.92,3,3,4,334,Loyal,2619.92
15143,226,2,563.63,2,1,2,212,Needs Attention,563.63
15144,9,29,12160.31,4,3,4,434,Champions,12160.31
15145,5,4,1194.73,4,2,3,423,Champions,1194.73
15146,165,2,1327.16,2,1,3,213,Needs Attention,1327.16
15147,241,1,623.5,2,1,2,212,Needs Attention,623.5
15148,11,1,301.29,4,1,1,411,Needs Attention,301.29
15149,134,5,1554.61,2,2,3,223,At Risk,1554.61
15150,18,13,9001.08,4,3,4,434,Champions,9001.08
15151,424,2,2085.61,1,1,3,113,Needs Attention,2085.61
15152,10,14,5263.83,4,3,4,434,Champions,5263.83
15153,32,1,329.25,3,1,1,311,Needs Attention,329.25
15154,76,3,1388.41,3,2,3,323,Loyal,1388.41
15155,384,1,383.97,1,1,2,112,Needs Attention,383.97
15156,2,3,961.49,4,2,3,423,Champions,961.49
15157,4,5,2654.11,4,2,4,424,Champions,2654.11
15158,46,2,606.02,3,1,2,312,Needs Attention,606.02
15159,2,34,22116.73,4,3,4,434,Champions,22116.73
15160,358,4,589.27,2,2,2,222,At Risk,589.27
15161,389,1,119.92,1,1,1,111,Lost,119.92
15162,732,1,312.9,1,1,1,111,Lost,312.9
15163,19,2,304.47,4,1,1,411,Needs Attention,304.47
15164,69,9,2068.92,3,3,3,333,Loyal,2068.92
15165,374,1,975.5,2,1,3,213,Needs Attention,975.5
15166,468,1,167.16,1,1,1,111,Lost,167.16
15167,321,5,1659.67,2,2,3,223,At Risk,1659.67
15168,26,1,106.56,4,1,1,411,Needs Attention,106.56
15169,383,2,569.22,1,1,2,112,Needs Attention,569.22
15170,407,1,81.15,1,1,1,111,Lost,81.15
15171,332,1,1289.5,2,1,3,213,Needs Attention,1289.5
15172,9,5,1624.05,4,2,3,423,Champions,1624.05
15173,381,7,1494.6,1,3,3,133,At Risk,1494.6
15174,323,2,481.46,2,1,2,212,Needs Attention,481.46
15175,72,1,224.14,3,1,1,311,Needs Attention,224.14
15176,668,1,988.04,1,1,3,113,Needs Attention,988.04
15177,426,1,948.93,1,1,3,113,Needs Attention,948.93
15178,261,1,40.5,2,1,1,211,Lost,40.5
15179,19,13,7491.92,4,3,4,434,Champions,7491.92
15180,368,3,904.43,2,2,3,223,At Risk,904.43
15181,67,5,1200.2,3,2,3,323,Loyal,1200.2
15182,155,11,2998.95,2,3,4,234,At Risk,2998.95
15183,548,3,639.93,1,2,2,122,At Risk,639.93
15184,30,4,689.95,3,2,2,322,Needs Attention,689.95
15185,71,1,310.62,3,1,1,311,Needs Attention,310.62
15186,15,5,1403.2,4,2,3,423,Champions,1403.2
15187,2,16,4777.18,4,3,4,434,Champions,4777.18
15188,726,1,310.43,1,1,1,111,Lost,310.43
15189,2,46,17524.38,4,3,4,434,Champions,17524.38
15190,435,1,834.44,1,1,2,112,Needs Attention,834.44
15191,464,3,588.05,1,2,2,122,At Risk,588.05
15192,120,5,1981.39,2,2,3,223,At Risk,1981.39
15193,61,1,499.32,3,1,2,312,Needs Attention,499.32
15194,4,28,12427.69,4,3,4,434,Champions,12427.69
15195,3,1,3861.0,4,1,4,414,Loyal,3861.0
15196,433,2,316.25,1,1,1,111,Lost,316.25
15197,11,6,1877.51,4,3,3,433,Champions,1877.51
15198,93,5,571.35,3,2,2,322,Needs Attention,571.35
15199,60,10,3122.4,3,3,4,334,Loyal,3122.4
15200,495,1,549.05,1,1,2,112,Needs Attention,549.05
15201,88,7,1842.95,3,3,3,333,Loyal,1842.95
15202,421,3,6001.49,1,2,4,124,At Risk,6001.49
15203,26,15,4400.18,4,3,4,434,Champions,4400.18
15204,358,1,316.58,2,1,1,211,Lost,316.58
15205,86,2,653.24,3,1,2,312,Needs Attention,653.24
15206,11,4,420.3,4,2,2,422,Needs Attention,420.3
15207,417,3,683.92,1,2,2,122,At Risk,683.92
15208,2,6,970.52,4,3,3,433,Champions,970.52
15209,731,1,178.98,1,1,1,111,Lost,178.98
15210,226,3,1176.19,2,2,3,223,At Risk,1176.19
15211,61,2,1277.48,3,1,3,313,Loyal,1277.48
15212,242,2,208.28,2,1,1,211,Lost,208.28
15213,319,2,328.35,2,1,1,211,Lost,328.35
15214,2,8,1661.44,4,3,3,433,Champions,1661.44
15215,47,7,2422.43,3,3,4,334,Loyal,2422.43
15216,88,2,486.09,3,1,2,312,Needs Attention,486.09
15217,564,1,426.24,1,1,2,112,Needs Attention,426.24
15218,11,22,11516.57,4,3,4,434,Champions,11516.57
15219,177,2,685.45,2,1,2,212,Needs Attention,685.45
15220,52,6,1778.96,3,3,3,333,Loyal,1778.96
15221,367,4,2465.45,2,2,4,224,At Risk,2465.45
15222,319,11,3550.91,2,3,4,234,At Risk,3550.91
15223,226,5,1417.95,2,2,3,223,At Risk,1417.95
15224,359,5,871.36,2,2,2,222,At Risk,871.36
15225,235,1,409.4,2,1,2,212,Needs Attention,409.4
15226,311,1,154.41,2,1,1,211,Lost,154.41
15227,37,9,2488.49,3,3,4,334,Loyal,2488.49
15228,67,6,5580.27,3,3,4,334,Loyal,5580.27
15229,587,1,160.5,1,1,1,111,Lost,160.5
15230,240,2,429.6,2,1,2,212,Needs Attention,429.6
15231,622,1,250.26,1,1,1,111,Lost,250.26
15232,114,2,612.06,2,1,2,212,Needs Attention,612.06
15233,402,1,59.4,1,1,1,111,Lost,59.4
15234,277,1,197.0,2,1,1,211,Lost,197.0
15235,218,16,2937.81,2,3,4,234,At Risk,2937.81
15236,299,1,321.05,2,1,1,211,Lost,321.05
15237,2,4,1412.32,4,2,3,423,Champions,1412.32
15238,30,3,1071.99,3,2,3,323,Loyal,1071.99
15239,11,2,780.59,4,1,2,412,Needs Attention,780.59
15240,45,12,4459.98,3,3,4,334,Loyal,4459.98
15241,67,11,3050.16,3,3,4,334,Loyal,3050.16
15242,423,1,302.04,1,1,1,111,Lost,302.04
15243,75,2,927.28,3,1,3,313,Loyal,927.28
15244,66,3,912.08,3,2,3,323,Loyal,912.08
15245,135,8,4610.84,2,3,4,234,At Risk,4610.84
15246,239,3,780.4,2,2,2,222,At Risk,780.4
15247,123,3,976.06,2,2,3,223,At Risk,976.06
15248,412,3,1893.93,1,2,3,123,At Risk,1893.93
15249,32,18,9266.0,3,3,4,334,Loyal,9266.0
15250,641,1,60.0,1,1,1,111,Lost,60.0
15251,10,21,20324.54,4,3,4,434,Champions,20324.54
15252,37,5,2103.41,3,2,3,323,Loyal,2103.41
15253,17,8,2055.09,4,3,3,433,Champions,2055.09
15254,128,3,1088.35,2,2,3,223,At Risk,1088.35
15255,67,9,3729.42,3,3,4,334,Loyal,3729.42
15256,149,2,170.4,2,1,1,211,Lost,170.4
15257,284,2,685.9,2,1,2,212,Needs Attention,685.9
15258,169,2,623.16,2,1,2,212,Needs Attention,623.16
15259,513,4,1182.38,1,2,3,123,At Risk,1182.38
15260,101,25,9188.23,2,3,4,234,At Risk,9188.23
15261,136,4,1508.0,2,2,3,223,At Risk,1508.0
15262,324,3,418.82,2,2,2,222,At Risk,418.82
15263,107,1,156.51,2,1,1,211,Lost,156.51
15264,65,2,848.4,3,1,2,312,Needs Attention,848.4
15265,152,4,3345.64,2,2,4,224,At Risk,3345.64
15266,339,5,852.21,2,2,2,222,At Risk,852.21
15267,23,5,1717.36,4,2,3,423,Champions,1717.36
15268,479,3,961.9,1,2,3,123,At Risk,961.9
15269,24,3,1225.36,4,2,3,423,Champions,1225.36
15270,16,21,8524.86,4,3,4,434,Champions,8524.86
15271,8,24,4709.54,4,3,4,434,Champions,4709.54
15272,58,6,2085.48,3,3,3,333,Loyal,2085.48
15273,600,1,228.96,1,1,1,111,Lost,228.96
15274,5,2,716.57,4,1,2,412,Needs Attention,716.57
15275,38,1,615.14,3,1,2,312,Needs Attention,615.14
15276,67,4,649.53,3,2,2,322,Needs Attention,649.53
15277,47,2,476.34,3,1,2,312,Needs Attention,476.34
15278,562,4,496.16,1,2,2,122,At Risk,496.16
15279,355,5,1580.54,2,2,3,223,At Risk,1580.54
15280,173,3,406.22,2,2,2,222,At Risk,406.22
15281,59,16,8543.57,3,3,4,334,Loyal,8543.57
15282,571,1,348.59,1,1,1,111,Lost,348.59
15283,391,3,148.33,1,2,1,121,Needs Attention,148.33
15284,501,1,24.75,1,1,1,111,Lost,24.75
15285,408,1,94.92,1,1,1,111,Lost,94.92
15286,50,1,240.55,3,1,1,311,Needs Attention,240.55
15287,23,5,856.03,4,2,2,422,Needs Attention,856.03
15288,44,10,3883.13,3,3,4,334,Loyal,3883.13
15289,30,5,1593.09,3,2,3,323,Loyal,1593.09
15290,5,26,10496.28,4,3,4,434,Champions,10496.28
15291,26,40,13846.56,4,3,4,434,Champions,13846.56
15292,202,1,180.94,2,1,1,211,Lost,180.94
15293,666,1,247.5,1,1,1,111,Lost,247.5
15294,411,1,233.35,1,1,1,111,Lost,233.35
15295,655,1,217.24,1,1,1,111,Lost,217.24
15296,51,12,10342.83,3,3,4,334,Loyal,10342.83
15297,11,3,641.94,4,2,2,422,Needs Attention,641.94
15298,3,23,9459.37,4,3,4,434,Champions,9459.37
15299,68,10,7991.54,3,3,4,334,Loyal,7991.54
15300,65,1,496.44,3,1,2,312,Needs Attention,496.44
15301,51,17,7603.44,3,3,4,334,Loyal,7603.44
15302,731,1,308.0,1,1,1,111,Lost,308.0
15303,291,3,1224.18,2,2,3,223,At Risk,1224.18
15304,61,9,919.55,3,3,3,333,Loyal,919.55
15305,556,1,93.6,1,1,1,111,Lost,93.6
15306,65,9,3484.73,3,3,4,334,Loyal,3484.73
15307,96,1,205.3,3,1,1,311,Needs Attention,205.3
15308,275,1,310.47,2,1,1,211,Lost,310.47
15309,611,4,797.96,1,2,2,122,At Risk,797.96
15310,479,1,1634.64,1,1,3,113,Needs Attention,1634.64
15311,1,208,116771.16,4,3,4,434,Champions,116771.16
15312,76,12,2930.19,3,3,4,334,Loyal,2930.19
15313,111,1,52.0,2,1,1,211,Lost,52.0
15314,200,3,820.45,2,2,2,222,At Risk,820.45
15315,65,2,570.5,3,1,2,312,Needs Attention,570.5
15316,327,1,165.0,2,1,1,211,Lost,165.0
15317,678,1,129.75,1,1,1,111,Lost,129.75
15318,4,1,312.62,4,1,1,411,Needs Attention,312.62
15319,284,1,204.5,2,1,1,211,Lost,204.5
15320,45,1,267.13,3,1,1,311,Needs Attention,267.13
15321,71,12,6709.73,3,3,4,334,Loyal,6709.73
15322,86,2,1390.86,3,1,3,313,Loyal,1390.86
15323,563,3,434.6,1,2,2,122,At Risk,434.6
15324,702,1,140.22,1,1,1,111,Lost,140.22
15325,104,8,1602.01,2,3,3,233,At Risk,1602.01
15326,334,5,1700.52,2,2,3,223,At Risk,1700.52
15327,53,1,208.75,3,1,1,311,Needs Attention,208.75
15328,408,1,107.24,1,1,1,111,Lost,107.24
15329,40,11,2984.33,3,3,4,334,Loyal,2984.33
15330,33,2,714.96,3,1,2,312,Needs Attention,714.96
15331,500,3,767.91,1,2,2,122,At Risk,767.91
15332,367,6,6553.74,2,3,4,234,At Risk,6553.74
15333,209,1,1028.56,2,1,3,213,Needs Attention,1028.56
15334,157,3,351.67,2,2,2,222,At Risk,351.67
15335,54,1,173.97,3,1,1,311,Needs Attention,173.97
15336,402,1,240.5,1,1,1,111,Lost,240.5
15337,412,1,373.02,1,1,2,112,Needs Attention,373.02
15338,678,1,283.43,1,1,1,111,Lost,283.43
15339,67,7,1827.84,3,3,3,333,Loyal,1827.84
15340,562,1,105.5,1,1,1,111,Lost,105.5
15341,81,2,2402.72,3,1,4,314,Loyal,2402.72
15342,130,1,406.09,2,1,2,212,Needs Attention,406.09
15343,88,1,364.5,3,1,2,312,Needs Attention,364.5
15344,1,3,563.94,4,2,2,422,Needs Attention,563.94
15345,46,1,393.54,3,1,2,312,Needs Attention,393.54
15346,333,3,596.12,2,2,2,222,At Risk,596.12
15347,367,4,1363.6,2,2,3,223,At Risk,1363.6
15348,73,1,158.04,3,1,1,311,Needs Attention,158.04
15349,159,2,473.81,2,1,2,212,Needs Attention,473.81
15350,374,2,663.25,2,1,2,212,Needs Attention,663.25
15351,13,10,3738.29,4,3,4,434,Champions,3738.29
15352,549,1,114.95,1,1,1,111,Lost,114.95
15353,255,7,3175.95,2,3,4,234,At Risk,3175.95
15354,604,3,284.4,1,2,1,121,Needs Attention,284.4
15355,30,2,277.05,3,1,1,311,Needs Attention,277.05
15356,32,13,3464.95,3,3,4,334,Loyal,3464.95
15358,5,42,17050.41,4,3,4,434,Champions,17050.41
15359,663,8,181.35,1,3,1,131,Needs Attention,181.35
15360,40,1,427.93,3,1,2,312,Needs Attention,427.93
15361,362,4,689.07,2,2,2,222,At Risk,689.07
15362,449,2,613.08,1,1,2,112,Needs Attention,613.08
15363,373,2,1004.11,2,1,3,213,Needs Attention,1004.11
15364,96,2,913.19,3,1,3,313,Loyal,913.19
15365,26,13,4557.13,4,3,4,434,Champions,4557.13
15366,76,7,2389.08,3,3,4,334,Loyal,2389.08
15367,58,11,5081.33,3,3,4,334,Loyal,5081.33
15368,22,2,722.74,4,1,2,412,Needs Attention,722.74
15369,493,11,6251.26,1,3,4,134,At Risk,6251.26
15370,41,8,3739.01,3,3,4,334,Loyal,3739.01
15371,663,1,59.4,1,1,1,111,Lost,59.4
15372,138,8,6017.06,2,3,4,234,At Risk,6017.06
15373,9,17,3421.39,4,3,4,434,Champions,3421.39
15374,129,2,307.32,2,1,1,211,Lost,307.32
15375,691,1,60.96,1,1,1,111,Lost,60.96
15376,41,3,1233.36,3,2,3,323,Loyal,1233.36
15377,383,4,1211.75,1,2,3,123,At Risk,1211.75
15378,463,2,246.5,1,1,1,111,Lost,246.5
15379,170,8,4877.84,2,3,4,234,At Risk,4877.84
15380,9,11,3479.06,4,3,4,434,Champions,3479.06
15381,214,5,1890.57,2,2,3,223,At Risk,1890.57
15382,15,12,13733.55,4,3,4,434,Champions,13733.55
15384,170,4,2027.79,2,2,3,223,At Risk,2027.79
15385,41,3,942.08,3,2,3,323,Loyal,942.08
15386,187,1,394.14,2,1,2,212,Needs Attention,394.14
15387,493,1,468.65,1,1,2,112,Needs Attention,468.65
15388,271,1,140.54,2,1,1,211,Lost,140.54
15389,173,5,2733.8,2,2,4,224,At Risk,2733.8
15390,397,2,1216.66,1,1,3,113,Needs Attention,1216.66
15391,585,1,289.87,1,1,1,111,Lost,289.87
15392,5,7,2911.62,4,3,4,434,Champions,2911.62
15393,17,5,891.34,4,2,2,422,Needs Attention,891.34
15394,10,11,5286.8,4,3,4,434,Champions,5286.8
15395,326,1,107.45,2,1,1,211,Lost,107.45
15396,113,2,796.38,2,1,2,212,Needs Attention,796.38
15397,290,1,94.0,2,1,1,211,Lost,94.0
15398,17,2,1345.53,4,1,3,413,Loyal,1345.53
15399,2,3,815.77,4,2,2,422,Needs Attention,815.77
15400,93,8,1302.3,3,3,3,333,Loyal,1302.3
15401,453,2,216.95,1,1,1,111,Lost,216.95
15402,149,6,1830.54,2,3,3,233,At Risk,1830.54
15403,492,2,170.88,1,1,1,111,Lost,170.88
15404,376,1,257.06,2,1,1,211,Lost,257.06
15405,190,2,659.84,2,1,2,212,Needs Attention,659.84
15406,32,4,975.87,3,2,3,323,Loyal,975.87
15407,34,4,1056.44,3,2,3,323,Loyal,1056.44
15408,265,1,267.18,2,1,1,211,Lost,267.18
15409,722,1,131.25,1,1,1,111,Lost,131.25
15410,85,10,4685.72,3,3,4,334,Loyal,4685.72
15411,27,4,1358.88,3,2,3,323,Loyal,1358.88
15412,172,1,190.53,2,1,1,211,Lost,190.53
15413,692,5,6798.72,1,2,4,124,At Risk,6798.72
15414,10,3,774.9,4,2,2,422,Needs Attention,774.9
15415,314,1,572.81,2,1,2,212,Needs Attention,572.81
15416,65,7,4572.82,3,3,4,334,Loyal,4572.82
15417,86,1,508.8,3,1,2,312,Needs Attention,508.8
15418,426,2,452.32,1,1,2,112,Needs Attention,452.32
15419,25,1,135.86,4,1,1,411,Needs Attention,135.86
15420,435,6,743.0,1,3,2,132,At Risk,743.0
15421,59,10,3805.34,3,3,4,334,Loyal,3805.34
15422,324,7,1619.97,2,3,3,233,At Risk,1619.97
15423,39,3,266.89,3,2,1,321,Needs Attention,266.89
15424,255,3,597.78,2,2,2,222,At Risk,597.78
15425,401,4,1944.57,1,2,3,123,At Risk,1944.57
15426,20,9,2615.39,4,3,4,434,Champions,2615.39
15427,34,3,1483.14,3,2,3,323,Loyal,1483.14
15428,16,4,762.75,4,2,2,422,Needs Attention,762.75
15429,27,2,397.35,3,1,2,312,Needs Attention,397.35
15430,468,2,954.75,1,1,3,113,Needs Attention,954.75
15431,503,1,153.24,1,1,1,111,Lost,153.24
15432,24,2,320.76,4,1,1,411,Needs Attention,320.76
15433,214,2,533.3,2,1,2,212,Needs Attention,533.3
15434,9,11,2567.06,4,3,4,434,Champions,2567.06
15435,23,1,149.29,4,1,1,411,Needs Attention,149.29
15436,13,3,1122.53,4,2,3,423,Champions,1122.53
15437,263,2,393.45,2,1,2,212,Needs Attention,393.45
15438,132,1,156.58,2,1,1,211,Lost,156.58
15439,405,4,1269.05,1,2,3,123,At Risk,1269.05
15440,55,3,383.68,3,2,2,322,Needs Attention,383.68
15441,397,3,1254.21,1,2,3,123,At Risk,1254.21
15442,249,1,594.0,2,1,2,212,Needs Attention,594.0
15443,2,14,5175.93,4,3,4,434,Champions,5175.93
15444,10,2,1418.26,4,1,3,413,Loyal,1418.26
15445,265,2,284.5,2,1,1,211,Lost,284.5
15446,377,3,406.95,2,2,2,222,At Risk,406.95
15447,331,5,492.88,2,2,2,222,At Risk,492.88
15448,313,2,788.81,2,1,2,212,Needs Attention,788.81
15449,27,3,974.52,3,2,3,323,Loyal,974.52
15450,31,1,429.84,3,1,2,312,Needs Attention,429.84
15451,435,2,233.21,1,1,1,111,Lost,233.21
15452,30,6,1799.11,3,3,3,333,Loyal,1799.11
15453,2,7,1388.37,4,3,3,433,Champions,1388.37
15454,363,2,307.69,2,1,1,211,Lost,307.69
15455,598,1,38.25,1,1,1,111,Lost,38.25
15456,284,10,2119.27,2,3,3,233,At Risk,2119.27
15457,263,1,237.07,2,1,1,211,Lost,237.07
15458,26,2,370.44,4,1,2,412,Needs Attention,370.44
15459,418,2,202.83,1,1,1,111,Lost,202.83
15460,355,1,216.76,2,1,1,211,Lost,216.76
15461,461,2,429.7,1,1,2,112,Needs Attention,429.7
15462,95,4,737.05,3,2,2,322,Needs Attention,737.05
15463,30,1,126.14,3,1,1,311,Needs Attention,126.14
15464,339,1,1048.85,2,1,3,213,Needs Attention,1048.85
15465,20,32,12655.65,4,3,4,434,Champions,12655.65
15466,86,4,1571.01,3,2,3,323,Loyal,1571.01
15467,10,3,524.88,4,2,2,422,Needs Attention,524.88
15468,52,3,1430.48,3,2,3,323,Loyal,1430.48
15469,51,3,874.25,3,2,2,322,Needs Attention,874.25
15470,576,1,63.42,1,1,1,111,Lost,63.42
15471,3,3,1316.56,4,2,3,423,Champions,1316.56
15472,114,1,371.56,2,1,2,212,Needs Attention,371.56
15473,15,8,2046.0,4,3,3,433,Champions,2046.0
15474,596,1,163.1,1,1,1,111,Lost,163.1
15475,78,1,454.11,3,1,2,312,Needs Attention,454.11
15476,381,4,2209.98,1,2,3,123,At Risk,2209.98
15477,650,1,368.4,1,1,2,112,Needs Attention,368.4
15478,41,3,2024.98,3,2,3,323,Loyal,2024.98
15479,734,1,147.4,1,1,1,111,Lost,147.4
15480,117,5,6279.0,2,2,4,224,At Risk,6279.0
15481,402,1,1993.34,1,1,3,113,Needs Attention,1993.34
15482,16,19,14592.56,4,3,4,434,Champions,14592.56
15483,162,10,862.2,2,3,2,232,At Risk,862.2
15484,2,6,4656.0,4,3,4,434,Champions,4656.0
15485,31,7,5771.51,3,3,4,334,Loyal,5771.51
15486,528,1,102.0,1,1,1,111,Lost,102.0
15487,680,1,231.32,1,1,1,111,Lost,231.32
15488,93,5,431.92,3,2,2,322,Needs Attention,431.92
15489,23,8,2419.61,4,3,4,434,Champions,2419.61
15490,431,1,217.6,1,1,1,111,Lost,217.6
15491,96,6,3100.09,3,3,4,334,Loyal,3100.09
15492,29,2,659.46,3,1,2,312,Needs Attention,659.46
15493,33,9,4314.98,3,3,4,334,Loyal,4314.98
15494,22,5,3780.05,4,2,4,424,Champions,3780.05
15495,380,1,246.5,2,1,1,211,Lost,246.5
15496,632,1,146.14,1,1,1,111,Lost,146.14
15497,18,9,8657.39,4,3,4,434,Champions,8657.39
15498,3,44,26039.58,4,3,4,434,Champions,26039.58
15499,724,1,161.6,1,1,1,111,Lost,161.6
15500,9,4,1131.56,4,2,3,423,Champions,1131.56
15501,405,2,402.5,1,1,2,112,Needs Attention,402.5
15502,16,14,13993.47,4,3,4,434,Champions,13993.47
15503,363,2,267.15,2,1,1,211,Lost,267.15
15504,82,4,423.85,3,2,2,322,Needs Attention,423.85
15505,53,5,3610.96,3,2,4,324,Loyal,3610.96
15506,23,6,2040.03,4,3,3,433,Champions,2040.03
15507,172,1,492.36,2,1,2,212,Needs Attention,492.36
15508,190,6,1000.27,2,3,3,233,At Risk,1000.27
15509,381,1,166.51,1,1,1,111,Lost,166.51
15510,331,1,250.0,2,1,1,211,Lost,250.0
15511,12,5,909.23,4,2,3,423,Champions,909.23
15512,156,4,331.58,2,2,1,221,Needs Attention,331.58
15513,34,35,27750.55,3,3,4,334,Loyal,27750.55
15514,13,18,6598.55,4,3,4,434,Champions,6598.55
15515,388,1,171.81,1,1,1,111,Lost,171.81
15516,45,3,62.43,3,2,1,321,Needs Attention,62.43
15517,234,1,267.03,2,1,1,211,Lost,267.03
15518,65,15,4218.94,3,3,4,334,Loyal,4218.94
15519,384,2,344.61,1,1,1,111,Lost,344.61
15520,2,1,343.5,4,1,1,411,Needs Attention,343.5
15521,41,16,7106.69,3,3,4,334,Loyal,7106.69
15522,33,2,398.84,3,1,2,312,Needs Attention,398.84
15523,85,16,17359.99,3,3,4,334,Loyal,17359.99
15524,25,2,591.4,4,1,2,412,Needs Attention,591.4
15525,3,4,1295.7,4,2,3,423,Champions,1295.7
15526,34,2,148.44,3,1,1,311,Needs Attention,148.44
15527,19,23,5575.64,4,3,4,434,Champions,5575.64
15528,255,1,229.33,2,1,1,211,Lost,229.33
15529,23,12,5111.95,4,3,4,434,Champions,5111.95
15530,22,5,1813.72,4,2,3,423,Champions,1813.72
15531,9,2,2007.44,4,1,3,413,Loyal,2007.44
15532,26,10,3771.9,4,3,4,434,Champions,3771.9
15533,20,3,807.57,4,2,2,422,Needs Attention,807.57
15534,726,1,162.25,1,1,1,111,Lost,162.25
15535,174,6,1087.82,2,3,3,233,At Risk,1087.82
15536,410,1,259.09,1,1,1,111,Lost,259.09
15537,164,1,110.92,2,1,1,211,Lost,110.92
15538,538,6,3358.4,1,3,4,134,At Risk,3358.4
15539,8,1,538.46,4,1,2,412,Needs Attention,538.46
15540,12,2,460.68,4,1,2,412,Needs Attention,460.68
15541,115,1,85.13,2,1,1,211,Lost,85.13
15542,513,3,918.45,1,2,3,123,At Risk,918.45
15543,289,2,242.84,2,1,1,211,Lost,242.84
15544,10,20,8162.43,4,3,4,434,Champions,8162.43
15545,55,2,428.05,3,1,2,312,Needs Attention,428.05
15546,607,2,1079.1,1,1,3,113,Needs Attention,1079.1
15547,8,26,10154.39,4,3,4,434,Champions,10154.39
15548,596,1,158.09,1,1,1,111,Lost,158.09
15549,78,8,2345.96,3,3,4,334,Loyal,2345.96
15550,5,12,2218.8,4,3,3,433,Champions,2218.8
15551,37,7,1710.08,3,3,3,333,Loyal,1710.08
15552,218,2,252.52,2,1,1,211,Lost,252.52
15553,61,1,437.23,3,1,2,312,Needs Attention,437.23
15554,278,1,217.2,2,1,1,211,Lost,217.2
15555,13,36,12112.35,4,3,4,434,Champions,12112.35
15556,25,1,279.77,4,1,1,411,Needs Attention,279.77
15557,29,1,473.65,3,1,2,312,Needs Attention,473.65
15558,640,1,214.13,1,1,1,111,Lost,214.13
15559,569,1,1109.4,1,1,3,113,Needs Attention,1109.4
15560,398,2,153.52,1,1,1,111,Lost,153.52
15561,12,8,1934.39,4,3,3,433,Champions,1934.39
15562,352,3,673.38,2,2,2,222,At Risk,673.38
15563,23,7,2867.0,4,3,4,434,Champions,2867.0
15564,464,2,70.74,1,1,1,111,Lost,70.74
15565,51,2,173.16,3,1,1,311,Needs Attention,173.16
15566,393,2,227.87,1,1,1,111,Lost,227.87
15567,19,1,186.01,4,1,1,411,Needs Attention,186.01
15568,3,3,758.29,4,2,2,422,Needs Attention,758.29
15569,104,10,3586.35,2,3,4,234,At Risk,3586.35
15570,8,25,9311.04,4,3,4,434,Champions,9311.04
15571,12,14,4051.63,4,3,4,434,Champions,4051.63
15572,5,10,4068.67,4,3,4,434,Champions,4068.67
15573,32,5,1207.18,3,2,3,323,Loyal,1207.18
15574,178,6,1518.7,2,3,3,233,At Risk,1518.7
15575,620,1,30.1,1,1,1,111,Lost,30.1
15576,38,1,940.67,3,1,3,313,Loyal,940.67
15577,152,5,397.98,2,2,2,222,At Risk,397.98
15578,163,1,127.1,2,1,1,211,Lost,127.1
15579,69,5,1302.5,3,2,3,323,Loyal,1302.5
15580,377,8,1381.19,2,3,3,233,At Risk,1381.19
15581,121,38,7794.59,2,3,4,234,At Risk,7794.59
15582,25,3,682.91,4,2,2,422,Needs Attention,682.91
15583,377,1,107.86,2,1,1,211,Lost,107.86
15584,24,6,1277.5,4,3,3,433,Champions,1277.5
15585,177,1,455.3,2,1,2,212,Needs Attention,455.3
15586,593,3,1139.1,1,2,3,123,At Risk,1139.1
15587,51,7,1522.08,3,3,3,333,Loyal,1522.08
15588,678,1,579.6,1,1,2,112,Needs Attention,579.6
15589,256,3,478.53,2,2,2,222,At Risk,478.53
15590,383,5,1496.6,1,2,3,123,At Risk,1496.6
15591,583,3,217.9,1,2,1,121,Needs Attention,217.9
15592,47,1,388.58,3,1,2,312,Needs Attention,388.58
15593,71,1,199.8,3,1,1,311,Needs Attention,199.8
15594,16,5,1771.78,4,2,3,423,Champions,1771.78
15595,488,1,357.6,1,1,2,112,Needs Attention,357.6
15596,101,9,3130.04,2,3,4,234,At Risk,3130.04
15597,36,2,563.37,3,1,2,312,Needs Attention,563.37
15598,54,2,548.02,3,1,2,312,Needs Attention,548.02
15599,27,3,1250.06,3,2,3,323,Loyal,1250.06
15600,429,4,1199.31,1,2,3,123,At Risk,1199.31
15601,12,30,14960.12,4,3,4,434,Champions,14960.12
15602,9,16,3230.51,4,3,4,434,Champions,3230.51
15603,79,2,88.48,3,1,1,311,Needs Attention,88.48
15604,53,1,216.39,3,1,1,311,Needs Attention,216.39
15605,37,9,1936.8,3,3,3,333,Loyal,1936.8
15606,62,17,5230.99,3,3,4,334,Loyal,5230.99
15607,337,9,1708.97,2,3,3,233,At Risk,1708.97
15608,29,5,1785.98,3,2,3,323,Loyal,1785.98
15609,185,1,298.48,2,1,1,211,Lost,298.48
15610,52,1,112.46,3,1,1,311,Needs Attention,112.46
15611,10,26,2997.28,4,3,4,434,Champions,2997.28
15612,37,2,195.15,3,1,1,311,Needs Attention,195.15
15613,611,1,433.72,1,1,2,112,Needs Attention,433.72
15614,438,4,3147.36,1,2,4,124,At Risk,3147.36
15615,11,47,21373.97,4,3,4,434,Champions,21373.97
15616,439,1,317.11,1,1,1,111,Lost,317.11
15617,397,3,828.55,1,2,2,122,At Risk,828.55
15618,33,4,776.85,3,2,2,322,Needs Attention,776.85
15619,11,1,336.4,4,1,1,411,Needs Attention,336.4
15620,57,4,1942.36,3,2,3,323,Loyal,1942.36
15621,5,4,1293.03,4,2,3,423,Champions,1293.03
15622,44,17,7852.61,3,3,4,334,Loyal,7852.61
15623,142,8,2437.05,2,3,4,234,At Risk,2437.05
15624,117,4,588.13,2,2,2,222,At Risk,588.13
15625,104,9,3236.4,2,3,4,234,At Risk,3236.4
15626,75,3,1067.52,3,2,3,323,Loyal,1067.52
15627,458,2,566.9,1,1,2,112,Needs Attention,566.9
15628,5,17,5652.26,4,3,4,434,Champions,5652.26
15629,451,4,2240.9,1,2,3,123,At Risk,2240.9
15630,46,3,1481.4,3,2,3,323,Loyal,1481.4
15631,643,1,596.67,1,1,2,112,Needs Attention,596.67
15632,16,8,3285.31,4,3,4,434,Champions,3285.31
15633,510,13,4352.46,1,3,4,134,At Risk,4352.46
15634,18,2,554.65,4,1,2,412,Needs Attention,554.65
15635,396,1,100.35,1,1,1,111,Lost,100.35
15636,90,4,1444.58,3,2,3,323,Loyal,1444.58
15637,53,5,797.59,3,2,2,322,Needs Attention,797.59
15638,379,6,2265.2,2,3,3,233,At Risk,2265.2
15639,135,3,1065.08,2,2,3,223,At Risk,1065.08
15640,5,29,23957.58,4,3,4,434,Champions,23957.58
15641,106,12,5345.55,2,3,4,234,At Risk,5345.55
15642,730,1,105.78,1,1,1,111,Lost,105.78
15643,192,3,664.0,2,2,2,222,At Risk,664.0
15644,167,4,813.0,2,2,2,222,At Risk,813.0
15645,19,3,1055.17,4,2,3,423,Champions,1055.17
15646,158,5,974.61,2,2,3,223,At Risk,974.61
15647,416,1,169.0,1,1,1,111,Lost,169.0
15648,205,2,657.35,2,1,2,212,Needs Attention,657.35
15649,337,4,2170.35,2,2,3,223,At Risk,2170.35
15650,522,2,553.88,1,1,2,112,Needs Attention,553.88
15651,37,5,1259.06,3,2,3,323,Loyal,1259.06
15652,92,5,1420.34,3,2,3,323,Loyal,1420.34
15653,93,2,877.44,3,1,2,312,Needs Attention,877.44
15654,10,2,922.53,4,1,3,413,Loyal,922.53
15655,244,1,560.67,2,1,2,212,Needs Attention,560.67
15656,46,4,748.5,3,2,2,322,Needs Attention,748.5
15657,23,1,30.0,4,1,1,411,Needs Attention,30.0
15658,191,8,2423.47,2,3,4,234,At Risk,2423.47
15659,44,3,532.49,3,2,2,322,Needs Attention,532.49
15660,26,15,2812.99,4,3,4,434,Champions,2812.99
15661,318,8,1215.95,2,3,3,233,At Risk,1215.95
15662,662,2,283.73,1,1,1,111,Lost,283.73
15663,107,1,138.14,2,1,1,211,Lost,138.14
15664,51,4,1254.03,3,2,3,323,Loyal,1254.03
15665,169,5,4015.12,2,2,4,224,At Risk,4015.12
15666,473,2,632.94,1,1,2,112,Needs Attention,632.94
15667,40,1,301.32,3,1,1,311,Needs Attention,301.32
15668,218,1,76.32,2,1,1,211,Lost,76.32
15669,41,4,684.34,3,2,2,322,Needs Attention,684.34
15670,297,2,325.2,2,1,1,211,Lost,325.2
15671,19,7,2657.13,4,3,4,434,Champions,2657.13
15672,726,1,45.3,1,1,1,111,Lost,45.3
15673,89,9,6414.79,3,3,4,334,Loyal,6414.79
15674,74,13,6948.23,3,3,4,334,Loyal,6948.23
15675,82,4,542.04,3,2,2,322,Needs Attention,542.04
15676,19,3,3435.76,4,2,4,424,Champions,3435.76
15677,50,3,1305.63,3,2,3,323,Loyal,1305.63
15678,53,3,1893.89,3,2,3,323,Loyal,1893.89
15679,25,4,781.28,4,2,2,422,Needs Attention,781.28
15680,10,10,4507.58,4,3,4,434,Champions,4507.58
15681,26,14,2989.7,4,3,4,434,Champions,2989.7
15682,600,2,318.24,1,1,1,111,Lost,318.24
15683,118,2,524.54,2,1,2,212,Needs Attention,524.54
15684,548,3,173.95,1,2,1,121,Needs Attention,173.95
15685,451,1,55.98,1,1,1,111,Lost,55.98
15686,421,1,90.0,1,1,1,111,Lost,90.0
15687,9,9,2993.1,4,3,4,434,Champions,2993.1
15688,419,1,190.57,1,1,1,111,Lost,190.57
15689,120,3,521.03,2,2,2,222,At Risk,521.03
15690,5,2,239.76,4,1,1,411,Needs Attention,239.76
15691,253,4,571.3,2,2,2,222,At Risk,571.3
15692,29,1,191.04,3,1,1,311,Needs Attention,191.04
15693,660,1,37.5,1,1,1,111,Lost,37.5
15694,1,24,10810.81,4,3,4,434,Champions,10810.81
15695,267,4,1131.04,2,2,3,223,At Risk,1131.04
15696,34,13,3906.57,3,3,4,334,Loyal,3906.57
15697,690,1,246.75,1,1,1,111,Lost,246.75
15698,625,1,46.2,1,1,1,111,Lost,46.2
15699,18,1,309.65,4,1,1,411,Needs Attention,309.65
15700,173,2,696.68,2,1,2,212,Needs Attention,696.68
15701,3,4,1542.14,4,2,3,423,Champions,1542.14
15702,477,2,140.39,1,1,1,111,Lost,140.39
15703,265,1,211.5,2,1,1,211,Lost,211.5
15704,141,6,3817.96,2,3,4,234,At Risk,3817.96
15705,202,1,143.1,2,1,1,211,Lost,143.1
15706,64,4,1060.56,3,2,3,323,Loyal,1060.56
15707,36,4,945.58,3,2,3,323,Loyal,945.58
15708,41,9,4378.72,3,3,4,334,Loyal,4378.72
15709,284,2,327.85,2,1,1,211,Lost,327.85
15710,418,1,898.87,1,1,2,112,Needs Attention,898.87
15711,557,2,420.25,1,1,2,112,Needs Attention,420.25
15712,10,12,3472.41,4,3,4,434,Champions,3472.41
15713,144,4,1010.79,2,2,3,223,At Risk,1010.79
15714,12,5,784.81,4,2,2,422,Needs Attention,784.81
15715,556,5,658.02,1,2,2,122,At Risk,658.02
15716,146,11,3056.81,2,3,4,234,At Risk,3056.81
15717,235,5,607.0,2,2,2,222,At Risk,607.0
15718,541,1,293.79,1,1,1,111,Lost,293.79
15719,33,31,10223.06,3,3,4,334,Loyal,10223.06
15720,25,2,741.92,4,1,2,412,Needs Attention,741.92
15721,12,1,507.08,4,1,2,412,Needs Attention,507.08
15722,36,11,5258.1,3,3,4,334,Loyal,5258.1
15723,365,4,947.65,2,2,3,223,At Risk,947.65
15724,202,3,310.85,2,2,1,221,Needs Attention,310.85
15725,16,1,415.25,4,1,2,412,Needs Attention,415.25
15726,391,1,321.91,1,1,1,111,Lost,321.91
15727,17,15,9445.51,4,3,4,434,Champions,9445.51
15728,380,2,544.6,2,1,2,212,Needs Attention,544.6
15729,213,3,192.55,2,2,1,221,Needs Attention,192.55
15730,66,5,1726.58,3,2,3,323,Loyal,1726.58
15731,554,1,125.3,1,1,1,111,Lost,125.3
15732,213,10,1682.07,2,3,3,233,At Risk,1682.07
15733,283,1,162.3,2,1,1,211,Lost,162.3
15734,115,4,2263.3,2,2,3,223,At Risk,2263.3
15735,422,1,327.68,1,1,1,111,Lost,327.68
15736,436,2,1815.72,1,1,3,113,Needs Attention,1815.72
15737,15,8,1205.12,4,3,3,433,Champions,1205.12
15738,19,41,13372.97,4,3,4,434,Champions,13372.97
15739,67,1,449.12,3,1,2,312,Needs Attention,449.12
15740,50,1,154.88,3,1,1,311,Needs Attention,154.88
15741,459,2,208.62,1,1,1,111,Lost,208.62
15742,620,1,156.87,1,1,1,111,Lost,156.87
15743,17,4,784.46,4,2,2,422,Needs Attention,784.46
15744,78,1,34.8,3,1,1,311,Needs Attention,34.8
15745,20,4,1094.59,4,2,3,423,Champions,1094.59
15746,135,1,196.88,2,1,1,211,Lost,196.88
15747,13,9,2562.61,4,3,4,434,Champions,2562.61
15748,41,3,614.76,3,2,2,322,Needs Attention,614.76
15749,236,3,44534.3,2,2,4,224,At Risk,44534.3
15750,3,18,6797.19,4,3,4,434,Champions,6797.19
15751,461,11,1380.44,1,3,3,133,At Risk,1380.44
15752,40,9,4207.54,3,3,4,334,Loyal,4207.54
15753,305,1,79.2,2,1,1,211,Lost,79.2
15754,52,9,3037.61,3,3,4,334,Loyal,3037.61
15755,11,17,5993.12,4,3,4,434,Champions,5993.12
15756,62,4,532.96,3,2,2,322,Needs Attention,532.96
15757,66,6,2940.36,3,3,4,334,Loyal,2940.36
15758,25,1,205.25,4,1,1,411,Needs Attention,205.25
15759,219,7,830.93,2,3,2,232,At Risk,830.93
15760,631,2,13916.34,1,1,4,114,Needs Attention,13916.34
15761,443,1,143.05,1,1,1,111,Lost,143.05
15762,66,2,583.75,3,1,2,312,Needs Attention,583.75
15763,32,2,1086.92,3,1,3,313,Loyal,1086.92
15764,89,8,4503.08,3,3,4,334,Loyal,4503.08
15765,667,1,370.63,1,1,2,112,Needs Attention,370.63
15766,65,3,831.06,3,2,2,322,Needs Attention,831.06
15768,116,34,15601.09,2,3,4,234,At Risk,15601.09
15769,8,46,88704.32,4,3,4,434,Champions,88704.32
15770,613,1,321.45,1,1,1,111,Lost,321.45
15771,605,3,1006.54,1,2,3,123,At Risk,1006.54
15772,419,1,280.88,1,1,1,111,Lost,280.88
15773,6,2,774.52,4,1,2,412,Needs Attention,774.52
15774,69,6,1329.94,3,3,3,333,Loyal,1329.94
15775,246,2,150.5,2,1,1,211,Lost,150.5
15776,134,1,241.62,2,1,1,211,Lost,241.62
15777,242,7,1762.61,2,3,3,233,At Risk,1762.61
15778,432,1,307.95,1,1,1,111,Lost,307.95
15779,464,2,124.08,1,1,1,111,Lost,124.08
15780,184,3,475.28,2,2,2,222,At Risk,475.28
15781,26,3,345.46,4,2,1,421,Needs Attention,345.46
15782,10,4,4014.1,4,2,4,424,Champions,4014.1
15783,11,1,246.3,4,1,1,411,Needs Attention,246.3
15784,468,2,848.33,1,1,2,112,Needs Attention,848.33
15785,33,16,5969.93,3,3,4,334,Loyal,5969.93
15786,47,5,8514.82,3,2,4,324,Loyal,8514.82
15787,27,3,948.05,3,2,3,323,Loyal,948.05
15788,509,1,221.83,1,1,1,111,Lost,221.83
15789,359,6,1962.01,2,3,3,233,At Risk,1962.01
15790,11,1,220.85,4,1,1,411,Needs Attention,220.85
15791,44,5,3608.34,3,2,4,324,Loyal,3608.34
15792,400,2,933.84,1,1,3,113,Needs Attention,933.84
15793,15,8,2399.57,4,3,4,434,Champions,2399.57
15794,737,2,777.0,1,1,2,112,Needs Attention,777.0
15795,150,8,1979.87,2,3,3,233,At Risk,1979.87
15796,2,17,5175.83,4,3,4,434,Champions,5175.83
15797,114,6,2821.08,2,3,4,234,At Risk,2821.08
15798,493,3,1535.37,1,2,3,123,At Risk,1535.37
15799,76,4,1424.29,3,2,3,323,Loyal,1424.29
15800,108,7,1242.58,2,3,3,233,At Risk,1242.58
15801,47,3,1063.95,3,2,3,323,Loyal,1063.95
15802,143,1,451.42,2,1,2,212,Needs Attention,451.42
15803,52,4,1929.66,3,2,3,323,Loyal,1929.66
15804,1,13,4206.39,4,3,4,434,Champions,4206.39
15805,24,30,10189.23,4,3,4,434,Champions,10189.23
15806,47,3,784.58,3,2,2,322,Needs Attention,784.58
15807,51,5,1817.52,3,2,3,323,Loyal,1817.52
15808,307,21,18409.93,2,3,4,234,At Risk,18409.93
15809,37,7,1274.44,3,3,3,333,Loyal,1274.44
15810,79,8,2999.04,3,3,4,334,Loyal,2999.04
15811,23,7,3890.52,4,3,4,434,Champions,3890.52
15812,108,12,5201.47,2,3,4,234,At Risk,5201.47
15813,208,2,1303.91,2,1,3,213,Needs Attention,1303.91
15814,17,6,2634.44,4,3,4,434,Champions,2634.44
15815,64,5,2100.6,3,2,3,323,Loyal,2100.6
15816,543,2,144.15,1,1,1,111,Lost,144.15
15817,421,3,2766.4,1,2,4,124,At Risk,2766.4
15818,589,1,340.5,1,1,1,111,Lost,340.5
15819,50,10,3934.79,3,3,4,334,Loyal,3934.79
15820,320,1,206.98,2,1,1,211,Lost,206.98
15821,45,2,570.96,3,1,2,312,Needs Attention,570.96
15822,4,6,1840.06,4,3,3,433,Champions,1840.06
15823,373,3,3897.17,2,2,4,224,At Risk,3897.17
15824,454,2,890.94,1,1,2,112,Needs Attention,890.94
15825,173,1,532.94,2,1,2,212,Needs Attention,532.94
15826,57,4,2598.28,3,2,4,324,Loyal,2598.28
15827,74,28,3794.07,3,3,4,334,Loyal,3794.07
15828,376,1,1108.82,2,1,3,213,Needs Attention,1108.82
15829,100,2,636.14,2,1,2,212,Needs Attention,636.14
15830,38,1,576.0,3,1,2,312,Needs Attention,576.0
15831,59,3,801.76,3,2,2,322,Needs Attention,801.76
15832,255,1,836.79,2,1,2,212,Needs Attention,836.79
15833,738,1,80.4,1,1,1,111,Lost,80.4
15834,71,7,3772.99,3,3,4,334,Loyal,3772.99
15835,45,4,954.09,3,2,3,323,Loyal,954.09
15836,51,1,137.37,3,1,1,311,Needs Attention,137.37
15837,65,2,777.01,3,1,2,312,Needs Attention,777.01
15838,12,34,74163.0,4,3,4,434,Champions,74163.0
15839,34,3,1048.49,3,2,3,323,Loyal,1048.49
15840,59,2,355.56,3,1,2,312,Needs Attention,355.56
15841,73,9,2742.41,3,3,4,334,Loyal,2742.41
15842,394,2,548.8,1,1,2,112,Needs Attention,548.8
15843,304,1,118.95,2,1,1,211,Lost,118.95
15844,47,1,130.74,3,1,1,311,Needs Attention,130.74
15845,18,11,4426.28,4,3,4,434,Champions,4426.28
15846,386,1,107.01,1,1,1,111,Lost,107.01
15847,39,5,822.57,3,2,2,322,Needs Attention,822.57
15848,622,1,139.94,1,1,1,111,Lost,139.94
15850,20,6,1058.72,4,3,3,433,Champions,1058.72
15851,527,1,109.73,1,1,1,111,Lost,109.73
15852,187,3,257.26,2,2,1,221,Needs Attention,257.26
15853,52,1,110.8,3,1,1,311,Needs Attention,110.8
15854,5,21,5583.81,4,3,4,434,Champions,5583.81
15855,137,6,1052.72,2,3,3,233,At Risk,1052.72
15856,5,52,34220.34,4,3,4,434,Champions,34220.34
15857,19,2,570.48,4,1,2,412,Needs Attention,570.48
15858,16,13,3960.37,4,3,4,434,Champions,3960.37
15859,433,1,438.46,1,1,2,112,Needs Attention,438.46
15860,41,17,2505.21,3,3,4,334,Loyal,2505.21
15861,13,12,4401.79,4,3,4,434,Champions,4401.79
15862,9,13,2928.29,4,3,4,434,Champions,2928.29
15863,26,5,358.7,4,2,2,422,Needs Attention,358.7
15864,23,7,2180.76,4,3,3,433,Champions,2180.76
15865,41,5,2248.92,3,2,3,323,Loyal,2248.92
15866,102,1,230.53,2,1,1,211,Lost,230.53
15867,6,31,9063.95,4,3,4,434,Champions,9063.95
15868,584,1,94.53,1,1,1,111,Lost,94.53
15869,278,3,323.66,2,2,1,221,Needs Attention,323.66
15870,33,4,862.61,3,2,2,322,Needs Attention,862.61
15871,438,1,33.1,1,1,1,111,Lost,33.1
15872,15,4,795.68,4,2,2,422,Needs Attention,795.68
15873,500,4,313.92,1,2,1,121,Needs Attention,313.92
15874,64,21,11284.76,3,3,4,334,Loyal,11284.76
15875,647,1,111.72,1,1,1,111,Lost,111.72
15876,410,2,1449.14,1,1,3,113,Needs Attention,1449.14
15877,2,2,493.28,4,1,2,412,Needs Attention,493.28
15878,562,2,330.77,1,1,1,111,Lost,330.77
15879,405,4,1157.3,1,2,3,123,At Risk,1157.3
15880,370,1,686.56,2,1,2,212,Needs Attention,686.56
15881,313,5,501.39,2,2,2,222,At Risk,501.39
15882,199,8,1495.98,2,3,3,233,At Risk,1495.98
15883,3,2,396.48,4,1,2,412,Needs Attention,396.48
15884,433,2,249.7,1,1,1,111,Lost,249.7
15885,93,15,1951.82,3,3,3,333,Loyal,1951.82
15886,61,4,1052.87,3,2,3,323,Loyal,1052.87
15887,407,3,1027.15,1,2,3,123,At Risk,1027.15
15888,81,3,429.16,3,2,2,322,Needs Attention,429.16
15889,157,8,1806.28,2,3,3,233,At Risk,1806.28
15890,395,5,535.65,1,2,2,122,At Risk,535.65
15891,227,1,524.52,2,1,2,212,Needs Attention,524.52
15892,670,1,128.2,1,1,1,111,Lost,128.2
15893,482,1,305.28,1,1,1,111,Lost,305.28
15894,254,2,420.29,2,1,2,212,Needs Attention,420.29
15895,150,1,179.17,2,1,1,211,Lost,179.17
15897,195,2,222.05,2,1,1,211,Lost,222.05
15898,2,25,5596.31,4,3,4,434,Champions,5596.31
15899,369,1,112.5,2,1,1,211,Lost,112.5
15900,24,4,900.4,4,2,3,423,Champions,900.4
15901,17,7,703.22,4,3,2,432,Needs Attention,703.22
15902,381,1,145.01,1,1,1,111,Lost,145.01
15903,10,12,8939.84,4,3,4,434,Champions,8939.84
15904,9,1,164.68,4,1,1,411,Needs Attention,164.68
15905,544,1,114.69,1,1,1,111,Lost,114.69
15906,20,10,2555.64,4,3,4,434,Champions,2555.64
15907,4,3,967.45,4,2,3,423,Champions,967.45
15908,491,2,764.57,1,1,2,112,Needs Attention,764.57
15909,174,1,191.94,2,1,1,211,Lost,191.94
15910,1,15,2681.8,4,3,4,434,Champions,2681.8
15911,624,8,1702.34,1,3,3,133,At Risk,1702.34
15912,179,9,1074.7,2,3,3,233,At Risk,1074.7
15913,535,1,6.3,1,1,1,111,Lost,6.3
15914,379,2,205.99,2,1,1,211,Lost,205.99
15915,402,1,429.21,1,1,2,112,Needs Attention,429.21
15916,17,13,3427.17,4,3,4,434,Champions,3427.17
15917,248,5,560.63,2,2,2,222,At Risk,560.63
15918,191,3,582.88,2,2,2,222,At Risk,582.88
15919,20,2,910.61,4,1,3,413,Loyal,910.61
15920,155,9,571.64,2,3,2,232,At Risk,571.64
15921,173,4,802.11,2,2,2,222,At Risk,802.11
15922,374,1,739.0,2,1,2,212,Needs Attention,739.0
15923,373,1,254.16,2,1,1,211,Lost,254.16
15924,732,1,102.82,1,1,1,111,Lost,102.82
15925,195,1,207.15,2,1,1,211,Lost,207.15
15926,543,1,134.44,1,1,1,111,Lost,134.44
15927,648,1,123.39,1,1,1,111,Lost,123.39
15928,657,1,293.53,1,1,1,111,Lost,293.53
15929,645,1,594.0,1,1,2,112,Needs Attention,594.0
15930,68,1,426.63,3,1,2,312,Needs Attention,426.63
15931,429,1,239.9,1,1,1,111,Lost,239.9
15932,5,8,2495.87,4,3,4,434,Champions,2495.87
15933,22,3,1107.46,4,2,3,423,Champions,1107.46
15934,418,2,2190.66,1,1,3,113,Needs Attention,2190.66
15935,240,2,416.86,2,1,2,212,Needs Attention,416.86
15936,380,2,282.79,2,1,1,211,Lost,282.79
15937,65,1,145.35,3,1,1,311,Needs Attention,145.35
15938,113,9,734.81,2,3,2,232,At Risk,734.81
15939,90,16,9060.39,3,3,4,334,Loyal,9060.39
15940,312,1,35.8,2,1,1,211,Lost,35.8
15941,638,1,405.0,1,1,2,112,Needs Attention,405.0
15942,134,1,337.44,2,1,1,211,Lost,337.44
15943,650,2,271.29,1,1,1,111,Lost,271.29
15944,277,4,2164.24,2,2,3,223,At Risk,2164.24
15945,366,4,827.27,2,2,2,222,At Risk,827.27
15946,503,3,2304.18,1,2,3,123,At Risk,2304.18
15947,83,1,1708.24,3,1,3,313,Loyal,1708.24
15948,9,3,1509.09,4,2,3,423,Champions,1509.09
15949,17,2,364.72,4,1,2,412,Needs Attention,364.72
15950,32,10,7180.71,3,3,4,334,Loyal,7180.71
15951,9,3,1013.17,4,2,3,423,Champions,1013.17
15952,34,4,806.57,3,2,2,322,Needs Attention,806.57
15953,16,18,3669.55,4,3,4,434,Champions,3669.55
15954,590,1,190.75,1,1,1,111,Lost,190.75
15955,25,22,8658.36,4,3,4,434,Champions,8658.36
15956,552,2,617.6,1,1,2,112,Needs Attention,617.6
15957,32,3,930.1,3,2,3,323,Loyal,930.1
15958,75,4,492.99,3,2,2,322,Needs Attention,492.99
15959,683,3,579.49,1,2,2,122,At Risk,579.49
15960,375,4,410.95,2,2,2,222,At Risk,410.95
15961,380,1,451.29,2,1,2,212,Needs Attention,451.29
15962,450,1,295.83,1,1,1,111,Lost,295.83
15963,20,2,470.76,4,1,2,412,Needs Attention,470.76
15964,664,1,272.96,1,1,1,111,Lost,272.96
15965,18,13,3013.09,4,3,4,434,Champions,3013.09
15966,451,1,426.53,1,1,2,112,Needs Attention,426.53
15967,24,12,3041.6,4,3,4,434,Champions,3041.6
15968,389,1,418.05,1,1,2,112,Needs Attention,418.05
15969,3,5,1127.05,4,2,3,423,Champions,1127.05
15970,304,2,1017.32,2,1,3,213,Needs Attention,1017.32
15971,18,18,5902.83,4,3,4,434,Champions,5902.83
15972,457,5,1810.27,1,2,3,123,At Risk,1810.27
15973,367,3,988.44,2,2,3,223,At Risk,988.44
15974,40,7,3442.15,3,3,4,334,Loyal,3442.15
15975,85,1,371.01,3,1,2,312,Needs Attention,371.01
15976,166,6,1746.64,2,3,3,233,At Risk,1746.64
15977,18,2,1054.73,4,1,3,413,Loyal,1054.73
15978,78,3,3279.42,3,2,4,324,Loyal,3279.42
15979,603,1,329.22,1,1,1,111,Lost,329.22
15980,89,7,6593.68,3,3,4,334,Loyal,6593.68
15981,25,21,9362.77,4,3,4,434,Champions,9362.77
15982,606,1,324.51,1,1,1,111,Lost,324.51
15983,23,8,3958.82,4,3,4,434,Champions,3958.82
15984,3,30,8759.32,4,3,4,434,Champions,8759.32
15985,124,7,2715.28,2,3,4,234,At Risk,2715.28
15986,31,2,354.42,3,1,2,312,Needs Attention,354.42
15987,13,8,1682.13,4,3,3,433,Champions,1682.13
15988,20,3,770.09,4,2,2,422,Needs Attention,770.09
15989,376,2,372.51,2,1,2,212,Needs Attention,372.51
15990,45,7,2010.05,3,3,3,333,Loyal,2010.05
15991,535,1,150.55,1,1,1,111,Lost,150.55
15992,4,3,896.6,4,2,2,422,Needs Attention,896.6
15993,9,7,2797.57,4,3,4,434,Champions,2797.57
15994,55,3,1202.18,3,2,3,323,Loyal,1202.18
15995,415,1,696.19,1,1,2,112,Needs Attention,696.19
15996,89,7,1686.9,3,3,3,333,Loyal,1686.9
15998,37,16,8308.34,3,3,4,334,Loyal,8308.34
15999,736,1,20.4,1,1,1,111,Lost,20.4
16000,3,3,12393.7,4,2,4,424,Champions,12393.7
16001,382,1,583.39,1,1,2,112,Needs Attention,583.39
16002,626,1,169.21,1,1,1,111,Lost,169.21
16003,30,10,5613.83,3,3,4,334,Loyal,5613.83
16004,475,5,2146.39,1,2,3,123,At Risk,2146.39
16005,13,10,2436.22,4,3,4,434,Champions,2436.22
16006,212,2,347.17,2,1,1,211,Lost,347.17
16007,48,7,3075.14,3,3,4,334,Loyal,3075.14
16008,24,15,5384.13,4,3,4,434,Champions,5384.13
16009,23,4,992.71,4,2,3,423,Champions,992.71
16010,246,11,1724.06,2,3,3,233,At Risk,1724.06
16011,9,29,5880.46,4,3,4,434,Champions,5880.46
16012,36,5,2989.79,3,2,4,324,Loyal,2989.79
16013,4,84,57446.44,4,3,4,434,Champions,57446.44
16014,38,5,1130.27,3,2,3,323,Loyal,1130.27
16015,4,3,705.39,4,2,2,422,Needs Attention,705.39
16016,4,11,2533.94,4,3,4,434,Champions,2533.94
16017,48,5,1553.83,3,2,3,323,Loyal,1553.83
16018,40,4,698.13,3,2,2,322,Needs Attention,698.13
16019,47,27,17465.85,3,3,4,334,Loyal,17465.85
16020,17,3,851.01,4,2,2,422,Needs Attention,851.01
16021,396,2,532.25,1,1,2,112,Needs Attention,532.25
16022,261,1,628.28,2,1,2,212,Needs Attention,628.28
16023,47,3,719.81,3,2,2,322,Needs Attention,719.81
16024,13,3,484.2,4,2,2,422,Needs Attention,484.2
16025,30,1,439.66,3,1,2,312,Needs Attention,439.66
16026,44,1,236.09,3,1,1,311,Needs Attention,236.09
16027,92,15,2048.36,3,3,3,333,Loyal,2048.36
16028,596,1,82.2,1,1,1,111,Lost,82.2
16029,39,107,122209.14,3,3,4,334,Loyal,122209.14
16030,310,1,331.24,2,1,1,211,Lost,331.24
16031,93,2,548.94,3,1,2,312,Needs Attention,548.94
16032,457,6,1970.45,1,3,3,133,At Risk,1970.45
16033,6,27,10836.13,4,3,4,434,Champions,10836.13
16034,197,6,928.72,2,3,3,233,At Risk,928.72
16035,561,1,217.73,1,1,1,111,Lost,217.73
16036,88,4,2556.84,3,2,4,324,Loyal,2556.84
16037,270,5,1509.34,2,2,3,223,At Risk,1509.34
16038,8,3,471.78,4,2,2,422,Needs Attention,471.78
16039,424,2,456.4,1,1,2,112,Needs Attention,456.4
16040,66,7,2416.9,3,3,4,334,Loyal,2416.9
16041,31,3,3166.4,3,2,4,324,Loyal,3166.4
16042,23,8,2265.12,4,3,3,433,Champions,2265.12
16043,38,8,1856.59,3,3,3,333,Loyal,1856.59
16044,436,1,340.84,1,1,1,111,Lost,340.84
16045,120,8,3434.93,2,3,4,234,At Risk,3434.93
16046,563,1,235.78,1,1,1,111,Lost,235.78
16047,683,1,107.14,1,1,1,111,Lost,107.14
16048,374,4,1075.23,2,2,3,223,At Risk,1075.23
16049,41,6,1899.68,3,3,3,333,Loyal,1899.68
16050,174,3,300.7,2,2,1,221,Needs Attention,300.7
16051,682,1,188.44,1,1,1,111,Lost,188.44
16052,55,1,362.06,3,1,2,312,Needs Attention,362.06
16053,33,6,3634.84,3,3,4,334,Loyal,3634.84
16054,146,4,2111.88,2,2,3,223,At Risk,2111.88
16055,221,1,134.8,2,1,1,211,Lost,134.8
16056,46,1,664.85,3,1,2,312,Needs Attention,664.85
16057,17,10,3854.85,4,3,4,434,Champions,3854.85
16058,407,1,62.7,1,1,1,111,Lost,62.7
16059,66,12,3217.77,3,3,4,334,Loyal,3217.77
16060,401,3,541.95,1,2,2,122,At Risk,541.95
16061,432,1,89.65,1,1,1,111,Lost,89.65
16062,10,8,2863.45,4,3,4,434,Champions,2863.45
16063,261,1,335.32,2,1,1,211,Lost,335.32
16064,726,1,111.0,1,1,1,111,Lost,111.0
16065,366,8,2382.62,2,3,4,234,At Risk,2382.62
16066,17,5,1521.87,4,2,3,423,Champions,1521.87
16067,563,3,3395.29,1,2,4,124,At Risk,3395.29
16068,594,1,122.93,1,1,1,111,Lost,122.93
16069,418,1,457.7,1,1,2,112,Needs Attention,457.7
16070,23,2,852.15,4,1,2,412,Needs Attention,852.15
16071,45,4,1076.8,3,2,3,323,Loyal,1076.8
16072,289,4,4328.89,2,2,4,224,At Risk,4328.89
16073,298,1,122.4,2,1,1,211,Lost,122.4
16074,391,1,265.25,1,1,1,111,Lost,265.25
16075,503,2,736.93,1,1,2,112,Needs Attention,736.93
16076,4,10,2234.73,4,3,3,433,Champions,2234.73
16077,626,1,2300.4,1,1,3,113,Needs Attention,2300.4
16078,284,2,362.99,2,1,2,212,Needs Attention,362.99
16079,17,3,1352.0,4,2,3,423,Champions,1352.0
16080,82,4,602.56,3,2,2,322,Needs Attention,602.56
16081,57,8,4460.18,3,3,4,334,Loyal,4460.18
16082,671,1,106.75,1,1,1,111,Lost,106.75
16083,101,4,2351.42,2,2,4,224,At Risk,2351.42
16084,300,1,436.18,2,1,2,212,Needs Attention,436.18
16085,24,12,2343.53,4,3,4,434,Champions,2343.53
16086,60,10,2864.99,3,3,4,334,Loyal,2864.99
16087,390,5,1739.92,1,2,3,123,At Risk,1739.92
16088,576,2,1437.43,1,1,3,113,Needs Attention,1437.43
16089,387,2,271.44,1,1,1,111,Lost,271.44
16090,625,1,205.91,1,1,1,111,Lost,205.91
16091,155,2,315.06,2,1,1,211,Lost,315.06
16092,115,6,1587.94,2,3,3,233,At Risk,1587.94
16093,107,1,17.0,2,1,1,211,Lost,17.0
16094,12,11,3695.56,4,3,4,434,Champions,3695.56
16095,457,1,447.05,1,1,2,112,Needs Attention,447.05
16096,265,4,1584.97,2,2,3,223,At Risk,1584.97
16097,241,1,185.05,2,1,1,211,Lost,185.05
16098,88,14,4448.1,3,3,4,334,Loyal,4448.1
16099,51,7,1573.2,3,3,3,333,Loyal,1573.2
16100,463,1,582.64,1,1,2,112,Needs Attention,582.64
16101,71,4,3229.16,3,2,4,324,Loyal,3229.16
16102,43,3,1842.14,3,2,3,323,Loyal,1842.14
16103,8,22,6191.71,4,3,4,434,Champions,6191.71
16104,62,9,2778.61,3,3,4,334,Loyal,2778.61
16105,249,5,2386.19,2,2,4,224,At Risk,2386.19
16106,66,1,108.38,3,1,1,311,Needs Attention,108.38
16107,18,7,3204.16,4,3,4,434,Champions,3204.16
16108,85,4,2235.92,3,2,3,323,Loyal,2235.92
16109,219,3,939.48,2,2,3,223,At Risk,939.48
16110,46,4,1819.27,3,2,3,323,Loyal,1819.27
16111,429,1,562.48,1,1,2,112,Needs Attention,562.48
16112,144,4,195.74,2,2,1,221,Needs Attention,195.74
16113,184,1,161.38,2,1,1,211,Lost,161.38
16114,171,1,135.75,2,1,1,211,Lost,135.75
16115,10,12,2575.14,4,3,4,434,Champions,2575.14
16116,212,1,612.78,2,1,2,212,Needs Attention,612.78
16117,190,3,654.4,2,2,2,222,At Risk,654.4
16118,653,1,4376.25,1,1,4,114,Needs Attention,4376.25
16119,9,8,1720.81,4,3,3,433,Champions,1720.81
16120,60,6,3056.91,3,3,4,334,Loyal,3056.91
16121,58,5,1477.09,3,2,3,323,Loyal,1477.09
16122,74,6,1001.34,3,3,3,333,Loyal,1001.34
16123,52,1,307.78,3,1,1,311,Needs Attention,307.78
16124,318,4,1772.49,2,2,3,223,At Risk,1772.49
16125,368,14,4587.65,2,3,4,234,At Risk,4587.65
16126,30,15,14646.8,3,3,4,334,Loyal,14646.8
16127,40,2,801.31,3,1,2,312,Needs Attention,801.31
16128,18,11,3801.05,4,3,4,434,Champions,3801.05
16129,408,3,1396.05,1,2,3,123,At Risk,1396.05
16130,423,4,987.48,1,2,3,123,At Risk,987.48
16131,52,12,9957.42,3,3,4,334,Loyal,9957.42
16132,545,2,664.2,1,1,2,112,Needs Attention,664.2
16133,4,56,22992.26,4,3,4,434,Champions,22992.26
16134,22,5,2145.34,4,2,3,423,Champions,2145.34
16135,263,2,819.45,2,1,2,212,Needs Attention,819.45
16136,60,4,946.8,3,2,3,323,Loyal,946.8
16137,681,1,422.7,1,1,2,112,Needs Attention,422.7
16138,379,3,910.35,2,2,3,223,At Risk,910.35
16139,19,5,1111.15,4,2,3,423,Champions,1111.15
16140,66,3,1557.6,3,2,3,323,Loyal,1557.6
16141,89,2,955.94,3,1,3,313,Loyal,955.94
16142,250,1,535.34,2,1,2,212,Needs Attention,535.34
16143,4,12,4910.83,4,3,4,434,Champions,4910.83
16144,247,1,175.2,2,1,1,211,Lost,175.2
16145,9,19,6805.44,4,3,4,434,Champions,6805.44
16146,158,4,946.38,2,2,3,223,At Risk,946.38
16147,134,5,2398.91,2,2,4,224,At Risk,2398.91
16148,297,2,386.62,2,1,2,212,Needs Attention,386.62
16149,5,3,422.22,4,2,2,422,Needs Attention,422.22
16150,43,10,4395.59,3,3,4,334,Loyal,4395.59
16152,269,1,1829.04,2,1,3,213,Needs Attention,1829.04
16153,50,11,5133.49,3,3,4,334,Loyal,5133.49
16155,382,5,796.9,1,2,2,122,At Risk,796.9
16156,9,20,6218.18,4,3,4,434,Champions,6218.18
16157,16,3,656.69,4,2,2,422,Needs Attention,656.69
16158,523,9,628.32,1,3,2,132,At Risk,628.32
16159,282,4,1232.79,2,2,3,223,At Risk,1232.79
16160,66,2,1025.44,3,1,3,313,Loyal,1025.44
16161,2,43,12831.8,4,3,4,434,Champions,12831.8
16162,253,1,37.4,2,1,1,211,Lost,37.4
16163,233,6,2849.58,2,3,4,234,At Risk,2849.58
16164,18,3,822.48,4,2,2,422,Needs Attention,822.48
16165,506,1,79.9,1,1,1,111,Lost,79.9
16166,429,2,435.83,1,1,2,112,Needs Attention,435.83
16167,415,5,1386.12,1,2,3,123,At Risk,1386.12
16168,11,66,10636.47,4,3,4,434,Champions,10636.47
16169,9,4,1822.97,4,2,3,423,Champions,1822.97
16170,51,20,6869.0,3,3,4,334,Loyal,6869.0
16171,60,1,73.2,3,1,1,311,Needs Attention,73.2
16172,96,8,1884.55,3,3,3,333,Loyal,1884.55
16173,16,6,1418.32,4,3,3,433,Champions,1418.32
16174,127,7,2246.75,2,3,3,233,At Risk,2246.75
16175,95,7,1836.44,3,3,3,333,Loyal,1836.44
16176,422,4,2052.69,1,2,3,123,At Risk,2052.69
16177,51,8,2247.31,3,3,3,333,Loyal,2247.31
16178,139,2,612.6,2,1,2,212,Needs Attention,612.6
16179,61,1,215.83,3,1,1,311,Needs Attention,215.83
16180,101,13,16249.87,2,3,4,234,At Risk,16249.87
16181,74,1,305.54,3,1,1,311,Needs Attention,305.54
16182,73,9,9971.65,3,3,4,334,Loyal,9971.65
16183,68,4,1077.81,3,2,3,323,Loyal,1077.81
16184,65,6,1158.79,3,3,3,333,Loyal,1158.79
16185,17,3,644.72,4,2,2,422,Needs Attention,644.72
16186,23,26,9026.11,4,3,4,434,Champions,9026.11
16187,32,15,6911.44,3,3,4,334,Loyal,6911.44
16188,45,5,1087.66,3,2,3,323,Loyal,1087.66
16189,16,2,215.48,4,1,1,411,Needs Attention,215.48
16190,41,8,2723.55,3,3,4,334,Loyal,2723.55
16191,3,24,15688.02,4,3,4,434,Champions,15688.02
16192,736,1,351.3,1,1,2,112,Needs Attention,351.3
16193,237,2,630.43,2,1,2,212,Needs Attention,630.43
16194,376,1,308.6,2,1,1,211,Lost,308.6
16195,724,1,323.25,1,1,1,111,Lost,323.25
16196,489,1,93.3,1,1,1,111,Lost,93.3
16197,470,9,2016.71,1,3,3,133,At Risk,2016.71
16198,76,2,1030.04,3,1,3,313,Loyal,1030.04
16199,393,7,942.75,1,3,3,133,At Risk,942.75
16200,5,12,5643.45,4,3,4,434,Champions,5643.45
16201,4,5,2112.12,4,2,3,423,Champions,2112.12
16202,361,9,2501.99,2,3,4,234,At Risk,2501.99
16203,59,6,1114.54,3,3,3,333,Loyal,1114.54
16204,24,3,944.24,4,2,3,423,Champions,944.24
16205,31,7,1830.61,3,3,3,333,Loyal,1830.61
16206,55,13,2602.32,3,3,4,334,Loyal,2602.32
16207,26,1,394.38,4,1,2,412,Needs Attention,394.38
16208,45,10,3440.45,3,3,4,334,Loyal,3440.45
16209,89,9,4146.78,3,3,4,334,Loyal,4146.78
16210,2,35,38489.51,4,3,4,434,Champions,38489.51
16211,89,3,1090.59,3,2,3,323,Loyal,1090.59
16212,20,4,1293.71,4,2,3,423,Champions,1293.71
16213,79,1,159.0,3,1,1,311,Needs Attention,159.0
16214,171,4,2038.25,2,2,3,223,At Risk,2038.25
16215,81,1,242.35,3,1,1,311,Needs Attention,242.35
16216,268,1,914.93,2,1,3,213,Needs Attention,914.93
16217,236,2,304.25,2,1,1,211,Lost,304.25
16218,30,13,4439.97,3,3,4,334,Loyal,4439.97
16219,501,1,40.8,1,1,1,111,Lost,40.8
16221,37,9,2235.51,3,3,3,333,Loyal,2235.51
16222,319,2,1345.22,2,1,3,213,Needs Attention,1345.22
16223,375,2,1102.35,2,1,3,213,Needs Attention,1102.35
16224,58,5,1616.54,3,2,3,323,Loyal,1616.54
16225,45,15,2867.41,3,3,4,334,Loyal,2867.41
16226,204,5,672.17,2,2,2,222,At Risk,672.17
16227,226,3,1027.22,2,2,3,223,At Risk,1027.22
16228,386,3,890.81,1,2,2,122,At Risk,890.81
16229,88,6,2867.86,3,3,4,334,Loyal,2867.86
16230,190,2,542.03,2,1,2,212,Needs Attention,542.03
16231,380,4,1078.22,2,2,3,223,At Risk,1078.22
16232,44,7,2712.97,3,3,4,334,Loyal,2712.97
16233,72,9,1965.71,3,3,3,333,Loyal,1965.71
16234,477,3,333.18,1,2,1,121,Needs Attention,333.18
16235,41,9,2053.71,3,3,3,333,Loyal,2053.71
16236,79,1,432.2,3,1,2,312,Needs Attention,432.2
16237,438,1,136.65,1,1,1,111,Lost,136.65
16238,423,1,63.66,1,1,1,111,Lost,63.66
16239,57,6,1492.2,3,3,3,333,Loyal,1492.2
16240,25,2,3718.8,4,1,4,414,Loyal,3718.8
16241,10,16,4329.31,4,3,4,434,Champions,4329.31
16242,9,14,7474.4,4,3,4,434,Champions,7474.4
16243,34,2,409.1,3,1,2,312,Needs Attention,409.1
16244,212,2,2579.38,2,1,4,214,Needs Attention,2579.38
16245,24,3,1413.66,4,2,3,423,Champions,1413.66
16246,460,2,827.25,1,1,2,112,Needs Attention,827.25
16247,171,1,114.56,2,1,1,211,Lost,114.56
16248,62,1,152.94,3,1,1,311,Needs Attention,152.94
16249,53,5,1800.07,3,2,3,323,Loyal,1800.07
16250,262,3,791.38,2,2,2,222,At Risk,791.38
16251,513,1,128.31,1,1,1,111,Lost,128.31
16252,383,1,295.09,1,1,1,111,Lost,295.09
16253,67,7,7310.15,3,3,4,334,Loyal,7310.15
16254,379,3,985.14,2,2,3,223,At Risk,985.14
16255,17,15,4906.8,4,3,4,434,Champions,4906.8
16256,267,3,1629.37,2,2,3,223,At Risk,1629.37
16257,177,1,46.95,2,1,1,211,Lost,46.95
16258,46,15,11942.52,3,3,4,334,Loyal,11942.52
16259,411,3,361.94,1,2,2,122,At Risk,361.94
16260,51,1,1035.45,3,1,3,313,Loyal,1035.45
16261,18,6,1059.45,4,3,3,433,Champions,1059.45
16262,379,1,755.15,2,1,2,212,Needs Attention,755.15
16263,424,1,351.01,1,1,2,112,Needs Attention,351.01
16264,439,2,837.53,1,1,2,112,Needs Attention,837.53
16265,10,12,6935.17,4,3,4,434,Champions,6935.17
16266,74,14,1757.95,3,3,3,333,Loyal,1757.95
16267,592,1,186.66,1,1,1,111,Lost,186.66
16268,72,2,667.65,3,1,2,312,Needs Attention,667.65
16269,438,1,717.57,1,1,2,112,Needs Attention,717.57
16270,354,1,1141.24,2,1,3,213,Needs Attention,1141.24
16271,3,10,3463.02,4,3,4,434,Champions,3463.02
16272,117,1,411.7,2,1,2,212,Needs Attention,411.7
16273,649,2,336.04,1,1,1,111,Lost,336.04
16274,374,1,715.9,2,1,2,212,Needs Attention,715.9
16275,197,3,2151.11,2,2,3,223,At Risk,2151.11
16276,177,3,2629.39,2,2,4,224,At Risk,2629.39
16277,734,1,188.69,1,1,1,111,Lost,188.69
16278,101,3,1117.84,2,2,3,223,At Risk,1117.84
16279,22,9,5705.08,4,3,4,434,Champions,5705.08
16280,726,1,238.05,1,1,1,111,Lost,238.05
16281,73,3,3424.02,3,2,4,324,Loyal,3424.02
16282,340,3,1307.58,2,2,3,223,At Risk,1307.58
16283,6,8,4403.82,4,3,4,434,Champions,4403.82
16284,32,3,1029.77,3,2,3,323,Loyal,1029.77
16285,647,1,176.9,1,1,1,111,Lost,176.9
16286,478,2,328.95,1,1,1,111,Lost,328.95
16287,170,5,1006.98,2,2,3,223,At Risk,1006.98
16288,471,1,129.85,1,1,1,111,Lost,129.85
16289,463,1,136.31,1,1,1,111,Lost,136.31
16290,465,4,2069.3,1,2,3,123,At Risk,2069.3
16291,683,1,117.72,1,1,1,111,Lost,117.72
16292,122,5,1253.76,2,2,3,223,At Risk,1253.76
16293,22,15,4657.95,4,3,4,434,Champions,4657.95
16294,477,1,126.05,1,1,1,111,Lost,126.05
16295,10,4,1328.55,4,2,3,423,Champions,1328.55
16296,627,4,1313.67,1,2,3,123,At Risk,1313.67
16297,269,1,301.9,2,1,1,211,Lost,301.9
16298,23,7,1085.7,4,3,3,433,Champions,1085.7
16299,478,1,193.65,1,1,1,111,Lost,193.65
16300,431,3,1392.43,1,2,3,123,At Risk,1392.43
16301,737,1,107.33,1,1,1,111,Lost,107.33
16302,127,1,233.22,2,1,1,211,Lost,233.22
16303,26,7,7928.27,4,3,4,434,Champions,7928.27
16304,695,1,381.66,1,1,2,112,Needs Attention,381.66
16305,139,1,361.22,2,1,2,212,Needs Attention,361.22
16306,214,7,1192.82,2,3,3,233,At Risk,1192.82
16307,430,3,1194.92,1,2,3,123,At Risk,1194.92
16308,38,7,5120.0,3,3,4,334,Loyal,5120.0
16309,107,2,706.57,2,1,2,212,Needs Attention,706.57
16310,415,2,460.08,1,1,2,112,Needs Attention,460.08
16311,18,2,616.26,4,1,2,412,Needs Attention,616.26
16312,433,1,171.15,1,1,1,111,Lost,171.15
16313,4,2,274.15,4,1,1,411,Needs Attention,274.15
16314,390,3,1491.4,1,2,3,123,At Risk,1491.4
16315,331,2,402.71,2,1,2,212,Needs Attention,402.71
16316,65,13,5744.91,3,3,4,334,Loyal,5744.91
16317,120,5,2192.51,2,2,3,223,At Risk,2192.51
16318,36,1,328.15,3,1,1,311,Needs Attention,328.15
16319,218,1,404.4,2,1,2,212,Needs Attention,404.4
16320,173,6,5628.99,2,3,4,234,At Risk,5628.99
16321,73,7,604.55,3,3,2,332,Needs Attention,604.55
16322,2,2,326.75,4,1,1,411,Needs Attention,326.75
16323,197,2,353.66,2,1,2,212,Needs Attention,353.66
16324,129,3,428.68,2,2,2,222,At Risk,428.68
16325,47,12,3597.5,3,3,4,334,Loyal,3597.5
16326,6,24,4826.99,4,3,4,434,Champions,4826.99
16327,15,16,10731.34,4,3,4,434,Champions,10731.34
16328,564,1,310.83,1,1,1,111,Lost,310.83
16329,428,4,1703.07,1,2,3,123,At Risk,1703.07
16330,18,7,634.33,4,3,2,432,Needs Attention,634.33
16331,433,6,2037.7,1,3,3,133,At Risk,2037.7
16332,29,11,2010.41,3,3,3,333,Loyal,2010.41
16333,8,22,26626.8,4,3,4,434,Champions,26626.8
16334,493,1,277.48,1,1,1,111,Lost,277.48
16335,552,7,2774.0,1,3,4,134,At Risk,2774.0
16336,421,4,3517.69,1,2,4,124,At Risk,3517.69
16337,37,1,151.05,3,1,1,311,Needs Attention,151.05
16338,158,1,214.8,2,1,1,211,Lost,214.8
16339,285,1,109.95,2,1,1,211,Lost,109.95
16340,108,3,1526.06,2,2,3,223,At Risk,1526.06
16341,25,7,3850.79,4,3,4,434,Champions,3850.79
16342,76,4,322.41,3,2,1,321,Needs Attention,322.41
16343,17,3,687.07,4,2,2,422,Needs Attention,687.07
16344,159,4,842.42,2,2,2,222,At Risk,842.42
16345,45,2,1198.74,3,1,3,313,Loyal,1198.74
16346,386,1,224.51,1,1,1,111,Lost,224.51
16347,12,11,3509.41,4,3,4,434,Champions,3509.41
16348,33,8,1798.22,3,3,3,333,Loyal,1798.22
16349,291,1,53.5,2,1,1,211,Lost,53.5
16350,22,9,2253.89,4,3,3,433,Champions,2253.89
16351,333,13,3330.03,2,3,4,234,At Risk,3330.03
16352,18,2,494.44,4,1,2,412,Needs Attention,494.44
16353,4,38,9999.46,4,3,4,434,Champions,9999.46
16354,64,5,1129.51,3,2,3,323,Loyal,1129.51
16355,376,1,416.35,2,1,2,212,Needs Attention,416.35
16356,198,6,415.87,2,3,2,232,At Risk,415.87
16357,34,4,868.37,3,2,2,322,Needs Attention,868.37
16358,2,5,2919.65,4,2,4,424,Champions,2919.65
16359,8,16,2697.75,4,3,4,434,Champions,2697.75
16360,5,6,3512.53,4,3,4,434,Champions,3512.53
16361,10,4,896.66,4,2,2,422,Needs Attention,896.66
16362,33,6,946.94,3,3,3,333,Loyal,946.94
16363,54,1,109.36,3,1,1,311,Needs Attention,109.36
16364,12,2,707.04,4,1,2,412,Needs Attention,707.04
16365,18,15,3307.2,4,3,4,434,Champions,3307.2
16366,19,4,1548.13,4,2,3,423,Champions,1548.13
16367,38,3,1362.4,3,2,3,323,Loyal,1362.4
16368,3,3,640.21,4,2,2,422,Needs Attention,640.21
16369,19,7,2664.81,4,3,4,434,Champions,2664.81
16370,83,4,1320.56,3,2,3,323,Loyal,1320.56
16371,449,1,157.2,1,1,1,111,Lost,157.2
16372,34,5,1328.61,3,2,3,323,Loyal,1328.61
16373,383,2,309.49,1,1,1,111,Lost,309.49
16374,67,5,1771.45,3,2,3,323,Loyal,1771.45
16375,471,2,104.0,1,1,1,111,Lost,104.0
16376,9,2,987.01,4,1,3,413,Loyal,987.01
16377,268,2,1308.48,2,1,3,213,Needs Attention,1308.48
16378,248,3,362.95,2,2,2,222,At Risk,362.95
16379,5,4,2157.4,4,2,3,423,Champions,2157.4
16380,62,1,1780.59,3,1,3,313,Loyal,1780.59
16381,396,2,258.7,1,1,1,111,Lost,258.7
16382,409,2,353.1,1,1,2,112,Needs Attention,353.1
16383,75,7,2974.84,3,3,4,334,Loyal,2974.84
16384,90,4,1358.95,3,2,3,323,Loyal,1358.95
16385,61,5,1030.61,3,2,3,323,Loyal,1030.61
16386,29,3,1102.59,3,2,3,323,Loyal,1102.59
16387,323,5,918.55,2,2,3,223,At Risk,918.55
16388,654,1,186.05,1,1,1,111,Lost,186.05
16389,54,4,1382.07,3,2,3,323,Loyal,1382.07
16390,537,3,467.5,1,2,2,122,At Risk,467.5
16391,401,4,1103.61,1,2,3,123,At Risk,1103.61
16392,270,3,763.05,2,2,2,222,At Risk,763.05
16393,3,23,5561.66,4,3,4,434,Champions,5561.66
16394,57,5,1555.34,3,2,3,323,Loyal,1555.34
16395,61,14,3537.85,3,3,4,334,Loyal,3537.85
16396,477,1,137.8,1,1,1,111,Lost,137.8
16397,629,1,127.88,1,1,1,111,Lost,127.88
16398,155,2,1705.8,2,1,3,213,Needs Attention,1705.8
16399,20,3,641.82,4,2,2,422,Needs Attention,641.82
16400,95,9,3159.44,3,3,4,334,Loyal,3159.44
16401,2,23,6849.15,4,3,4,434,Champions,6849.15
16402,265,2,511.4,2,1,2,212,Needs Attention,511.4
16403,313,1,177.5,2,1,1,211,Lost,177.5
16404,71,1,443.05,3,1,2,312,Needs Attention,443.05
16405,303,2,167.25,2,1,1,211,Lost,167.25
16406,19,3,552.68,4,2,2,422,Needs Attention,552.68
16407,13,14,2821.65,4,3,4,434,Champions,2821.65
16408,592,1,231.93,1,1,1,111,Lost,231.93
16409,37,12,5709.04,3,3,4,334,Loyal,5709.04
16410,735,1,130.32,1,1,1,111,Lost,130.32
16411,20,4,910.19,4,2,3,423,Champions,910.19
16412,54,5,647.23,3,2,2,322,Needs Attention,647.23
16413,57,2,528.98,3,1,2,312,Needs Attention,528.98
16414,22,5,559.71,4,2,2,422,Needs Attention,559.71
16415,45,3,719.44,3,2,2,322,Needs Attention,719.44
16416,27,9,2972.88,3,3,4,334,Loyal,2972.88
16417,493,1,35.7,1,1,1,111,Lost,35.7
16418,45,5,1101.94,3,2,3,323,Loyal,1101.94
16419,113,8,1487.42,2,3,3,233,At Risk,1487.42
16420,397,1,75.0,1,1,1,111,Lost,75.0
16421,377,3,526.27,2,2,2,222,At Risk,526.27
16422,18,109,63651.47,4,3,4,434,Champions,63651.47
16423,25,1,346.12,4,1,1,411,Needs Attention,346.12
16424,192,2,443.06,2,1,2,212,Needs Attention,443.06
16425,303,1,302.7,2,1,1,211,Lost,302.7
16426,3,10,1908.25,4,3,3,433,Champions,1908.25
16427,264,2,241.06,2,1,1,211,Lost,241.06
16428,414,3,660.28,1,2,2,122,At Risk,660.28
16429,107,1,284.55,2,1,1,211,Lost,284.55
16430,58,7,1117.94,3,3,3,333,Loyal,1117.94
16431,214,3,642.81,2,2,2,222,At Risk,642.81
16432,65,1,287.4,3,1,1,311,Needs Attention,287.4
16433,29,2,384.52,3,1,2,312,Needs Attention,384.52
16434,30,12,2741.74,3,3,4,334,Loyal,2741.74
16435,513,3,1011.57,1,2,3,123,At Risk,1011.57
16436,669,3,329.34,1,2,1,121,Needs Attention,329.34
16437,382,2,301.25,1,1,1,111,Lost,301.25
16438,6,5,798.35,4,2,2,422,Needs Attention,798.35
16439,723,1,310.7,1,1,1,111,Lost,310.7
16440,8,6,3856.97,4,3,4,434,Champions,3856.97
16441,68,5,1034.43,3,2,3,323,Loyal,1034.43
16442,2,5,899.47,4,2,3,423,Champions,899.47
16443,521,1,162.24,1,1,1,111,Lost,162.24
16444,47,17,3656.58,3,3,4,334,Loyal,3656.58
16445,34,4,602.73,3,2,2,322,Needs Attention,602.73
16446,1,2,168472.5,4,1,4,414,Loyal,168472.5
16447,136,3,775.14,2,2,2,222,At Risk,775.14
16448,199,2,367.87,2,1,2,212,Needs Attention,367.87
16449,198,2,707.69,2,1,2,212,Needs Attention,707.69
16450,150,3,1505.73,2,2,3,223,At Risk,1505.73
16451,88,3,1013.15,3,2,3,323,Loyal,1013.15
16452,631,2,332.17,1,1,1,111,Lost,332.17
16453,531,2,251.71,1,1,1,111,Lost,251.71
16454,45,4,30.95,3,2,1,321,Needs Attention,30.95
16455,64,11,4384.37,3,3,4,334,Loyal,4384.37
16456,100,13,6862.91,2,3,4,234,At Risk,6862.91
16457,219,1,208.36,2,1,1,211,Lost,208.36
16458,3,30,5715.34,4,3,4,434,Champions,5715.34
16459,730,1,71.79,1,1,1,111,Lost,71.79
16460,29,3,814.72,3,2,2,322,Needs Attention,814.72
16461,178,3,1615.22,2,2,3,223,At Risk,1615.22
16462,74,3,136.0,3,2,1,321,Needs Attention,136.0
16463,22,4,1422.4,4,2,3,423,Champions,1422.4
16464,20,3,1314.68,4,2,3,423,Champions,1314.68
16465,421,2,746.24,1,1,2,112,Needs Attention,746.24
16466,34,15,3838.59,3,3,4,334,Loyal,3838.59
16467,509,7,2869.16,1,3,4,134,At Risk,2869.16
16468,75,3,787.52,3,2,2,322,Needs Attention,787.52
16469,24,5,828.91,4,2,2,422,Needs Attention,828.91
16470,52,11,2458.6,3,3,4,334,Loyal,2458.6
16471,275,4,1189.98,2,2,3,223,At Risk,1189.98
16472,435,2,789.6,1,1,2,112,Needs Attention,789.6
16473,165,4,470.83,2,2,2,222,At Risk,470.83
16474,8,7,1871.5,4,3,3,433,Champions,1871.5
16475,89,4,544.3,3,2,2,322,Needs Attention,544.3
16476,432,1,350.35,1,1,2,112,Needs Attention,350.35
16477,64,11,4320.02,3,3,4,334,Loyal,4320.02
16478,26,3,331.0,4,2,1,421,Needs Attention,331.0
16479,11,2,300.83,4,1,1,411,Needs Attention,300.83
16480,76,1,769.29,3,1,2,312,Needs Attention,769.29
16481,683,1,453.38,1,1,2,112,Needs Attention,453.38
16482,16,1,220.62,4,1,1,411,Needs Attention,220.62
16483,193,1,139.35,2,1,1,211,Lost,139.35
16484,174,2,404.3,2,1,2,212,Needs Attention,404.3
16485,78,5,2294.68,3,2,3,323,Loyal,2294.68
16486,538,1,134.36,1,1,1,111,Lost,134.36
16487,578,2,209.4,1,1,1,111,Lost,209.4
16488,34,3,498.8,3,2,2,322,Needs Attention,498.8
16489,381,2,303.7,1,1,1,111,Lost,303.7
16490,437,1,205.41,1,1,1,111,Lost,205.41
16491,47,2,1533.16,3,1,3,313,Loyal,1533.16
16492,541,1,385.56,1,1,2,112,Needs Attention,385.56
16493,80,7,2132.09,3,3,3,333,Loyal,2132.09
16494,297,1,826.53,2,1,2,212,Needs Attention,826.53
16495,4,3,684.41,4,2,2,422,Needs Attention,684.41
16496,9,6,2330.77,4,3,4,434,Champions,2330.77
16497,50,23,6695.28,3,3,4,334,Loyal,6695.28
16498,162,2,100.97,2,1,1,211,Lost,100.97
16499,361,8,2578.34,2,3,4,234,At Risk,2578.34
16500,5,9,843.91,4,3,2,432,Needs Attention,843.91
16501,384,1,1237.23,1,1,3,113,Needs Attention,1237.23
16502,621,2,266.5,1,1,1,111,Lost,266.5
16503,107,11,3614.34,2,3,4,234,At Risk,3614.34
16504,26,1,484.38,4,1,2,412,Needs Attention,484.38
16505,32,1,777.6,3,1,2,312,Needs Attention,777.6
16506,20,2,90.3,4,1,1,411,Needs Attention,90.3
16507,573,1,152.76,1,1,1,111,Lost,152.76
16508,631,1,248.8,1,1,1,111,Lost,248.8
16509,297,1,363.7,2,1,2,212,Needs Attention,363.7
16510,373,6,2100.0,2,3,3,233,At Risk,2100.0
16511,22,6,1819.02,4,3,3,433,Champions,1819.02
16513,5,4,874.59,4,2,2,422,Needs Attention,874.59
16515,53,10,3216.3,3,3,4,334,Loyal,3216.3
16516,31,1,101.7,3,1,1,311,Needs Attention,101.7
16517,278,1,162.7,2,1,1,211,Lost,162.7
16518,62,4,959.37,3,2,3,323,Loyal,959.37
16519,26,4,556.26,4,2,2,422,Needs Attention,556.26
16520,187,6,2482.62,2,3,4,234,At Risk,2482.62
16521,416,3,1148.01,1,2,3,123,At Risk,1148.01
16522,436,2,433.36,1,1,2,112,Needs Attention,433.36
16523,2,28,11916.33,4,3,4,434,Champions,11916.33
16524,447,2,308.14,1,1,1,111,Lost,308.14
16525,3,48,24582.64,4,3,4,434,Champions,24582.64
16526,172,2,717.21,2,1,2,212,Needs Attention,717.21
16527,82,2,1272.44,3,1,3,313,Loyal,1272.44
16528,4,1,244.41,4,1,1,411,Needs Attention,244.41
16529,191,4,2012.0,2,2,3,223,At Risk,2012.0
16530,669,1,48.35,1,1,1,111,Lost,48.35
16531,23,11,2298.33,4,3,3,433,Champions,2298.33
16532,18,5,8756.64,4,2,4,424,Champions,8756.64
16533,20,3,1095.56,4,2,3,423,Champions,1095.56
16534,643,1,635.9,1,1,2,112,Needs Attention,635.9
16535,6,3,1001.59,4,2,3,423,Champions,1001.59
16536,111,1,548.97,2,1,2,212,Needs Attention,548.97
16537,642,1,23.35,1,1,1,111,Lost,23.35
16538,542,3,399.62,1,2,2,122,At Risk,399.62
16539,3,10,3732.01,4,3,4,434,Champions,3732.01
16540,415,1,226.7,1,1,1,111,Lost,226.7
16541,736,1,424.03,1,1,2,112,Needs Attention,424.03
16542,54,2,257.32,3,1,1,311,Needs Attention,257.32
16543,592,1,292.21,1,1,1,111,Lost,292.21
16544,520,4,376.7,1,2,2,122,At Risk,376.7
16545,165,2,689.82,2,1,2,212,Needs Attention,689.82
16546,291,5,5606.47,2,2,4,224,At Risk,5606.47
16547,547,1,111.71,1,1,1,111,Lost,111.71
16548,600,1,30.15,1,1,1,111,Lost,30.15
16549,11,34,13182.19,4,3,4,434,Champions,13182.19
16550,109,18,9435.13,2,3,4,234,At Risk,9435.13
16551,96,7,2237.12,3,3,3,333,Loyal,2237.12
16552,243,2,475.02,2,1,2,212,Needs Attention,475.02
16553,164,33,16644.01,2,3,4,234,At Risk,16644.01
16554,43,8,2841.72,3,3,4,334,Loyal,2841.72
16555,36,6,1915.68,3,3,3,333,Loyal,1915.68
16556,67,17,8012.58,3,3,4,334,Loyal,8012.58
16557,25,2,281.85,4,1,1,411,Needs Attention,281.85
16558,1,38,13873.51,4,3,4,434,Champions,13873.51
16559,398,1,185.2,1,1,1,111,Lost,185.2
16560,27,8,3048.38,3,3,4,334,Loyal,3048.38
16561,6,2,511.12,4,1,2,412,Needs Attention,511.12
16562,477,1,223.86,1,1,1,111,Lost,223.86
16563,54,6,4422.76,3,3,4,334,Loyal,4422.76
16564,570,1,87.8,1,1,1,111,Lost,87.8
16565,365,4,773.05,2,2,2,222,At Risk,773.05
16566,16,5,614.66,4,2,2,422,Needs Attention,614.66
16567,195,2,865.6,2,1,2,212,Needs Attention,865.6
16568,428,2,1020.9,1,1,3,113,Needs Attention,1020.9
16569,4,5,1455.23,4,2,3,423,Champions,1455.23
16570,16,20,7434.31,4,3,4,434,Champions,7434.31
16571,27,10,4248.74,3,3,4,334,Loyal,4248.74
16572,128,3,1009.6,2,2,3,223,At Risk,1009.6
16573,85,2,663.61,3,1,2,312,Needs Attention,663.61
16574,72,3,1301.78,3,2,3,323,Loyal,1301.78
16576,421,2,540.87,1,1,2,112,Needs Attention,540.87
16577,667,1,380.0,1,1,2,112,Needs Attention,380.0
16578,627,1,156.6,1,1,1,111,Lost,156.6
16579,426,1,295.05,1,1,1,111,Lost,295.05
16581,183,1,105.84,2,1,1,211,Lost,105.84
16582,114,1,313.62,2,1,1,211,Lost,313.62
16583,374,2,531.4,2,1,2,212,Needs Attention,531.4
16584,81,5,3163.67,3,2,4,324,Loyal,3163.67
16585,594,2,341.59,1,1,1,111,Lost,341.59
16586,249,3,1462.78,2,2,3,223,At Risk,1462.78
16587,233,1,225.15,2,1,1,211,Lost,225.15
16588,387,4,1361.28,1,2,3,123,At Risk,1361.28
16589,72,4,612.36,3,2,2,322,Needs Attention,612.36
16590,401,2,605.9,1,1,2,112,Needs Attention,605.9
16591,69,1,213.5,3,1,1,311,Needs Attention,213.5
16592,5,28,7807.91,4,3,4,434,Champions,7807.91
16593,51,8,1071.14,3,3,3,333,Loyal,1071.14
16594,76,1,181.09,3,1,1,311,Needs Attention,181.09
16595,62,5,1810.18,3,2,3,323,Loyal,1810.18
16596,16,4,579.63,4,2,2,422,Needs Attention,579.63
16597,5,1,90.04,4,1,1,411,Needs Attention,90.04
16598,286,1,145.05,2,1,1,211,Lost,145.05
16599,386,1,172.8,1,1,1,111,Lost,172.8
16600,5,13,2153.41,4,3,3,433,Champions,2153.41
16601,41,3,684.25,3,2,2,322,Needs Attention,684.25
16602,37,2,763.33,3,1,2,312,Needs Attention,763.33
16603,75,2,482.47,3,1,2,312,Needs Attention,482.47
16604,563,2,432.45,1,1,2,112,Needs Attention,432.45
16605,725,1,60.48,1,1,1,111,Lost,60.48
16606,405,2,357.66,1,1,2,112,Needs Attention,357.66
16607,18,25,5706.87,4,3,4,434,Champions,5706.87
16608,454,2,1288.72,1,1,3,113,Needs Attention,1288.72
16609,16,7,5493.46,4,3,4,434,Champions,5493.46
16610,220,1,75.66,2,1,1,211,Lost,75.66
16611,187,6,1785.13,2,3,3,233,At Risk,1785.13
16612,33,9,3245.43,3,3,4,334,Loyal,3245.43
16613,71,1,618.59,3,1,2,312,Needs Attention,618.59
16614,183,3,1179.79,2,2,3,223,At Risk,1179.79
16615,627,1,291.5,1,1,1,111,Lost,291.5
16616,16,2,500.42,4,1,2,412,Needs Attention,500.42
16617,236,1,151.85,2,1,1,211,Lost,151.85
16618,32,5,2647.59,3,2,4,324,Loyal,2647.59
16619,264,4,1938.33,2,2,3,223,At Risk,1938.33
16620,4,6,1758.93,4,3,3,433,Champions,1758.93
16621,52,4,813.48,3,2,2,322,Needs Attention,813.48
16622,544,1,225.4,1,1,1,111,Lost,225.4
16623,246,4,1015.24,2,2,3,223,At Risk,1015.24
16624,81,2,810.57,3,1,2,312,Needs Attention,810.57
16625,275,5,1654.03,2,2,3,223,At Risk,1654.03
16626,1,17,4413.1,4,3,4,434,Champions,4413.1
16627,80,1,322.8,3,1,1,311,Needs Attention,322.8
16628,30,7,2318.1,3,3,4,334,Loyal,2318.1
16629,74,2,417.73,3,1,2,312,Needs Attention,417.73
16630,408,1,106.8,1,1,1,111,Lost,106.8
16631,482,7,1892.52,1,3,3,133,At Risk,1892.52
16632,486,2,406.4,1,1,2,112,Needs Attention,406.4
16633,18,6,2883.1,4,3,4,434,Champions,2883.1
16634,223,6,1814.61,2,3,3,233,At Risk,1814.61
16635,407,1,473.0,1,1,2,112,Needs Attention,473.0
16636,439,4,3802.04,1,2,4,124,At Risk,3802.04
16637,33,4,1154.47,3,2,3,323,Loyal,1154.47
16638,23,15,2430.53,4,3,4,434,Champions,2430.53
16639,32,4,1747.98,3,2,3,323,Loyal,1747.98
16640,398,1,179.4,1,1,1,111,Lost,179.4
16641,106,2,554.5,2,1,2,212,Needs Attention,554.5
16642,5,3,1077.45,4,2,3,423,Champions,1077.45
16643,246,2,923.11,2,1,3,213,Needs Attention,923.11
16644,178,2,833.78,2,1,2,212,Needs Attention,833.78
16645,736,1,160.39,1,1,1,111,Lost,160.39
16646,450,1,678.8,1,1,2,112,Needs Attention,678.8
16647,170,4,541.9,2,2,2,222,At Risk,541.9
16648,43,3,672.8,3,2,2,322,Needs Attention,672.8
16649,521,1,306.58,1,1,1,111,Lost,306.58
16650,72,7,1916.11,3,3,3,333,Loyal,1916.11
16651,587,1,136.2,1,1,1,111,Lost,136.2
16652,59,16,17550.39,3,3,4,334,Loyal,17550.39
16653,17,2,1212.66,4,1,3,413,Loyal,1212.66
16654,142,8,1711.47,2,3,3,233,At Risk,1711.47
16655,18,13,6548.37,4,3,4,434,Champions,6548.37
16656,23,30,16833.17,4,3,4,434,Champions,16833.17
16657,10,4,933.62,4,2,3,423,Champions,933.62
16658,369,6,814.07,2,3,2,232,At Risk,814.07
16659,190,1,39.12,2,1,1,211,Lost,39.12
16660,17,7,1879.55,4,3,3,433,Champions,1879.55
16661,541,4,986.63,1,2,3,123,At Risk,986.63
16662,395,1,163.8,1,1,1,111,Lost,163.8
16663,730,1,165.0,1,1,1,111,Lost,165.0
16664,570,1,109.2,1,1,1,111,Lost,109.2
16665,363,1,135.4,2,1,1,211,Lost,135.4
16666,20,2,225.94,4,1,1,411,Needs Attention,225.94
16667,69,2,570.13,3,1,2,312,Needs Attention,570.13
16668,16,13,862.42,4,3,2,432,Needs Attention,862.42
16669,24,3,1374.87,4,2,3,423,Champions,1374.87
16670,17,20,8030.15,4,3,4,434,Champions,8030.15
16671,29,3,1692.27,3,2,3,323,Loyal,1692.27
16672,3,20,8134.94,4,3,4,434,Champions,8134.94
16673,680,1,188.83,1,1,1,111,Lost,188.83
16674,55,2,319.61,3,1,1,311,Needs Attention,319.61
16675,442,2,608.86,1,1,2,112,Needs Attention,608.86
16676,34,6,2361.9,3,3,4,334,Loyal,2361.9
16677,412,2,880.62,1,1,2,112,Needs Attention,880.62
16678,3,12,3109.99,4,3,4,434,Champions,3109.99
16679,367,3,793.06,2,2,2,222,At Risk,793.06
16680,44,3,821.45,3,2,2,322,Needs Attention,821.45
16681,73,7,1921.84,3,3,3,333,Loyal,1921.84
16682,5,5,1028.0,4,2,3,423,Champions,1028.0
16683,534,1,320.25,1,1,1,111,Lost,320.25
16684,5,55,147142.77,4,3,4,434,Champions,147142.77
16685,62,2,324.24,3,1,1,311,Needs Attention,324.24
16686,48,16,5070.92,3,3,4,334,Loyal,5070.92
16687,391,1,157.63,1,1,1,111,Lost,157.63
16688,2,4,1260.86,4,2,3,423,Champions,1260.86
16689,76,2,422.6,3,1,2,312,Needs Attention,422.6
16690,73,4,353.03,3,2,2,322,Needs Attention,353.03
16691,419,2,178.83,1,1,1,111,Lost,178.83
16692,257,4,1914.7,2,2,3,223,At Risk,1914.7
16693,69,5,1199.46,3,2,3,323,Loyal,1199.46
16694,724,1,98.3,1,1,1,111,Lost,98.3
16695,562,2,193.15,1,1,1,111,Lost,193.15
16696,136,4,657.9,2,2,2,222,At Risk,657.9
16697,242,1,112.75,2,1,1,211,Lost,112.75
16698,227,2,1998.0,2,1,3,213,Needs Attention,1998.0
16699,381,7,994.6,1,3,3,133,At Risk,994.6
16700,9,25,9167.71,4,3,4,434,Champions,9167.71
16701,9,26,9916.73,4,3,4,434,Champions,9916.73
16702,416,4,1110.83,1,2,3,123,At Risk,1110.83
16704,619,2,695.66,1,1,2,112,Needs Attention,695.66
16705,1,42,43515.05,4,3,4,434,Champions,43515.05
16706,38,3,531.35,3,2,2,322,Needs Attention,531.35
16707,401,4,551.11,1,2,2,122,At Risk,551.11
16708,46,1,656.63,3,1,2,312,Needs Attention,656.63
16709,85,14,9087.46,3,3,4,334,Loyal,9087.46
16710,20,22,6349.09,4,3,4,434,Champions,6349.09
16711,4,9,2868.48,4,3,4,434,Champions,2868.48
16712,10,13,4266.99,4,3,4,434,Champions,4266.99
16713,19,32,14560.69,4,3,4,434,Champions,14560.69
16714,219,4,1529.8,2,2,3,223,At Risk,1529.8
16715,79,2,625.52,3,1,2,312,Needs Attention,625.52
16716,267,3,2149.68,2,2,3,223,At Risk,2149.68
16717,24,14,6986.23,4,3,4,434,Champions,6986.23
16718,370,5,3647.53,2,2,4,224,At Risk,3647.53
16719,15,14,3973.3,4,3,4,434,Champions,3973.3
16720,27,3,795.48,3,2,2,322,Needs Attention,795.48
16721,263,1,292.47,2,1,1,211,Lost,292.47
16722,18,22,8989.08,4,3,4,434,Champions,8989.08
16723,92,4,1301.63,3,2,3,323,Loyal,1301.63
16724,405,1,147.35,1,1,1,111,Lost,147.35
16725,303,14,1882.11,2,3,3,233,At Risk,1882.11
16726,27,7,2088.41,3,3,3,333,Loyal,2088.41
16727,365,4,1437.42,2,2,3,223,At Risk,1437.42
16728,47,4,1054.67,3,2,3,323,Loyal,1054.67
16729,39,21,7239.92,3,3,4,334,Loyal,7239.92
16730,53,3,743.11,3,2,2,322,Needs Attention,743.11
16731,649,1,174.05,1,1,1,111,Lost,174.05
16732,32,4,4387.64,3,2,4,324,Loyal,4387.64
16733,530,1,259.68,1,1,1,111,Lost,259.68
16734,53,3,650.51,3,2,2,322,Needs Attention,650.51
16735,79,14,6270.56,3,3,4,334,Loyal,6270.56
16736,506,5,2956.56,1,2,4,124,At Risk,2956.56
16737,54,2,835.2,3,1,2,312,Needs Attention,835.2
16738,298,1,3.75,2,1,1,211,Lost,3.75
16739,177,2,786.43,2,1,2,212,Needs Attention,786.43
16740,396,1,236.81,1,1,1,111,Lost,236.81
16741,626,1,173.06,1,1,1,111,Lost,173.06
16742,47,14,2852.61,3,3,4,334,Loyal,2852.61
16743,30,14,4253.26,3,3,4,334,Loyal,4253.26
16744,12,7,1304.76,4,3,3,433,Champions,1304.76
16745,87,17,7194.3,3,3,4,334,Loyal,7194.3
16746,5,42,18066.4,4,3,4,434,Champions,18066.4
16747,38,2,836.06,3,1,2,312,Needs Attention,836.06
16748,18,14,3637.33,4,3,4,434,Champions,3637.33
16749,592,2,4387.08,1,1,4,114,Needs Attention,4387.08
16750,45,5,623.93,3,2,2,322,Needs Attention,623.93
16751,31,1,1764.72,3,1,3,313,Loyal,1764.72
16752,373,1,415.0,2,1,2,212,Needs Attention,415.0
16753,59,1,223.92,3,1,1,311,Needs Attention,223.92
16754,373,29,67502.47,2,3,4,234,At Risk,67502.47
16755,115,7,2900.58,2,3,4,234,At Risk,2900.58
16756,215,7,1312.37,2,3,3,233,At Risk,1312.37
16757,319,2,270.48,2,1,1,211,Lost,270.48
16758,66,1,369.34,3,1,2,312,Needs Attention,369.34
16759,8,3,789.79,4,2,2,422,Needs Attention,789.79
16760,431,1,228.0,1,1,1,111,Lost,228.0
16761,97,1,316.62,2,1,1,211,Lost,316.62
16762,20,3,1501.38,4,2,3,423,Champions,1501.38
16763,199,2,964.7,2,1,3,213,Needs Attention,964.7
16764,4,13,2799.25,4,3,4,434,Champions,2799.25
16765,295,2,454.75,2,1,2,212,Needs Attention,454.75
16766,274,2,1145.6,2,1,3,213,Needs Attention,1145.6
16767,31,15,8073.8,3,3,4,334,Loyal,8073.8
16768,48,9,1708.12,3,3,3,333,Loyal,1708.12
16769,261,4,1141.75,2,2,3,223,At Risk,1141.75
16770,58,9,1932.13,3,3,3,333,Loyal,1932.13
16771,34,10,3967.6,3,3,4,334,Loyal,3967.6
16772,424,3,3723.55,1,2,4,124,At Risk,3723.55
16773,58,3,421.24,3,2,2,322,Needs Attention,421.24
16774,68,8,1594.45,3,3,3,333,Loyal,1594.45
16775,11,16,3056.89,4,3,4,434,Champions,3056.89
16776,61,2,619.85,3,1,2,312,Needs Attention,619.85
16777,81,5,1307.76,3,2,3,323,Loyal,1307.76
16778,75,2,245.94,3,1,1,311,Needs Attention,245.94
16779,3,53,33268.24,4,3,4,434,Champions,33268.24
16780,101,3,605.55,2,2,2,222,At Risk,605.55
16781,373,2,934.25,2,1,3,213,Needs Attention,934.25
16782,11,38,10438.41,4,3,4,434,Champions,10438.41
16783,437,1,391.95,1,1,2,112,Needs Attention,391.95
16784,20,5,896.53,4,2,2,422,Needs Attention,896.53
16785,410,1,533.78,1,1,2,112,Needs Attention,533.78
16786,394,1,51.84,1,1,1,111,Lost,51.84
16787,398,4,1035.43,1,2,3,123,At Risk,1035.43
16788,124,5,1950.3,2,2,3,223,At Risk,1950.3
16789,9,1,80.8,4,1,1,411,Needs Attention,80.8
16790,4,6,1545.62,4,3,3,433,Champions,1545.62
16791,30,15,4038.69,3,3,4,334,Loyal,4038.69
16792,283,5,623.46,2,2,2,222,At Risk,623.46
16793,58,1,243.84,3,1,1,311,Needs Attention,243.84
16794,2,15,2090.91,4,3,3,433,Champions,2090.91
16795,366,3,2492.39,2,2,4,224,At Risk,2492.39
16796,90,1,305.62,3,1,1,311,Needs Attention,305.62
16797,394,5,1827.77,1,2,3,123,At Risk,1827.77
16798,555,3,848.71,1,2,2,122,At Risk,848.71
16799,433,2,495.98,1,1,2,112,Needs Attention,495.98
16800,12,1,1201.49,4,1,3,413,Loyal,1201.49
16801,164,4,1619.73,2,2,3,223,At Risk,1619.73
16802,680,2,582.61,1,1,2,112,Needs Attention,582.61
16803,66,1,332.3,3,1,1,311,Needs Attention,332.3
16804,24,3,536.99,4,2,2,422,Needs Attention,536.99
16805,174,5,1097.24,2,2,3,223,At Risk,1097.24
16806,104,4,801.49,2,2,2,222,At Risk,801.49
16807,143,6,2123.88,2,3,3,233,At Risk,2123.88
16808,100,2,288.42,2,1,1,211,Lost,288.42
16809,24,9,1727.43,4,3,3,433,Champions,1727.43
16810,193,2,842.04,2,1,2,212,Needs Attention,842.04
16811,5,2,547.07,4,1,2,412,Needs Attention,547.07
16812,361,4,2392.0,2,2,4,224,At Risk,2392.0
16813,9,10,1692.98,4,3,3,433,Champions,1692.98
16814,15,36,12499.71,4,3,4,434,Champions,12499.71
16815,454,2,410.97,1,1,2,112,Needs Attention,410.97
16816,104,4,417.06,2,2,2,222,At Risk,417.06
16817,3,13,2804.9,4,3,4,434,Champions,2804.9
16818,11,11,3349.57,4,3,4,434,Champions,3349.57
16819,466,2,182.59,1,1,1,111,Lost,182.59
16820,96,1,497.61,3,1,2,312,Needs Attention,497.61
16821,382,1,113.35,1,1,1,111,Lost,113.35
16822,687,1,181.39,1,1,1,111,Lost,181.39
16823,228,7,2260.09,2,3,3,233,At Risk,2260.09
16824,16,3,686.24,4,2,2,422,Needs Attention,686.24
16825,39,5,1826.89,3,2,3,323,Loyal,1826.89
16826,52,1,341.7,3,1,1,311,Needs Attention,341.7
16827,394,5,392.13,1,2,2,122,At Risk,392.13
16828,94,2,128.5,3,1,1,311,Needs Attention,128.5
16829,157,2,513.32,2,1,2,212,Needs Attention,513.32
16830,39,4,1207.5,3,2,3,323,Loyal,1207.5
16831,565,1,91.8,1,1,1,111,Lost,91.8
16832,185,5,417.61,2,2,2,222,At Risk,417.61
16833,2,6,2409.04,4,3,4,434,Champions,2409.04
16834,228,2,898.96,2,1,3,213,Needs Attention,898.96
16835,129,6,1538.41,2,3,3,233,At Risk,1538.41
16836,40,4,782.37,3,2,2,322,Needs Attention,782.37
16837,32,11,3170.98,3,3,4,334,Loyal,3170.98
16838,198,4,1159.61,2,2,3,223,At Risk,1159.61
16839,9,44,22310.49,4,3,4,434,Champions,22310.49
16840,604,2,139.85,1,1,1,111,Lost,139.85
16841,37,12,4006.06,3,3,4,334,Loyal,4006.06
16842,101,3,1264.19,2,2,3,223,At Risk,1264.19
16843,43,35,19571.43,3,3,4,334,Loyal,19571.43
16844,563,2,614.34,1,1,2,112,Needs Attention,614.34
16845,619,1,253.88,1,1,1,111,Lost,253.88
16846,51,3,842.41,3,2,2,322,Needs Attention,842.41
16847,44,2,614.89,3,1,2,312,Needs Attention,614.89
16848,53,4,1411.62,3,2,3,323,Loyal,1411.62
16849,187,1,124.57,2,1,1,211,Lost,124.57
16850,334,1,332.41,2,1,1,211,Lost,332.41
16851,5,3,342.45,4,2,1,421,Needs Attention,342.45
16852,11,2,144.91,4,1,1,411,Needs Attention,144.91
16854,418,2,1408.96,1,1,3,113,Needs Attention,1408.96
16855,24,2,328.4,4,1,1,411,Needs Attention,328.4
16856,15,3,358.49,4,2,2,422,Needs Attention,358.49
16857,443,1,352.8,1,1,2,112,Needs Attention,352.8
16858,369,10,4668.28,2,3,4,234,At Risk,4668.28
16859,145,7,1932.41,2,3,3,233,At Risk,1932.41
16860,453,3,1610.62,1,2,3,123,At Risk,1610.62
16861,60,5,946.59,3,2,3,323,Loyal,946.59
16862,548,4,662.33,1,2,2,122,At Risk,662.33
16863,32,3,998.52,3,2,3,323,Loyal,998.52
16864,435,2,409.25,1,1,2,112,Needs Attention,409.25
16865,402,1,130.95,1,1,1,111,Lost,130.95
16866,141,3,207.74,2,2,1,221,Needs Attention,207.74
16867,690,1,76.74,1,1,1,111,Lost,76.74
16868,395,3,393.39,1,2,2,122,At Risk,393.39
16869,23,4,825.42,4,2,2,422,Needs Attention,825.42
16870,470,1,450.16,1,1,2,112,Needs Attention,450.16
16871,23,6,2812.34,4,3,4,434,Champions,2812.34
16872,78,6,1213.13,3,3,3,333,Loyal,1213.13
16873,5,12,14617.39,4,3,4,434,Champions,14617.39
16874,380,1,217.74,2,1,1,211,Lost,217.74
16875,68,11,4234.53,3,3,4,334,Loyal,4234.53
16876,404,1,136.01,1,1,1,111,Lost,136.01
16877,13,6,853.72,4,3,2,432,Needs Attention,853.72
16878,85,1,13.3,3,1,1,311,Needs Attention,13.3
16880,31,8,1840.86,3,3,3,333,Loyal,1840.86
16881,67,1,432.0,3,1,2,312,Needs Attention,432.0
16882,67,3,705.12,3,2,2,322,Needs Attention,705.12
16883,188,19,2396.59,2,3,4,234,At Risk,2396.59
16884,38,4,1073.92,3,2,3,323,Loyal,1073.92
16885,16,4,710.74,4,2,2,422,Needs Attention,710.74
16886,457,1,134.0,1,1,1,111,Lost,134.0
16887,36,3,660.72,3,2,2,322,Needs Attention,660.72
16888,401,3,437.15,1,2,2,122,At Risk,437.15
16889,195,6,2530.9,2,3,4,234,At Risk,2530.9
16890,477,3,285.41,1,2,1,121,Needs Attention,285.41
16891,2,11,2056.82,4,3,3,433,Champions,2056.82
16892,2,7,762.1,4,3,2,432,Needs Attention,762.1
16893,367,2,401.77,2,1,2,212,Needs Attention,401.77
16894,503,3,1324.06,1,2,3,123,At Risk,1324.06
16895,65,5,1121.42,3,2,3,323,Loyal,1121.42
16896,556,1,103.95,1,1,1,111,Lost,103.95
16897,300,2,289.78,2,1,1,211,Lost,289.78
16898,27,5,1016.37,3,2,3,323,Loyal,1016.37
16899,8,8,1721.02,4,3,3,433,Champions,1721.02
16900,17,3,887.11,4,2,2,422,Needs Attention,887.11
16901,730,1,204.26,1,1,1,111,Lost,204.26
16902,117,1,1706.88,2,1,3,213,Needs Attention,1706.88
16903,30,3,1062.28,3,2,3,323,Loyal,1062.28
16904,5,21,5132.37,4,3,4,434,Champions,5132.37
16905,6,17,5034.15,4,3,4,434,Champions,5034.15
16906,82,7,1448.8,3,3,3,333,Loyal,1448.8
16907,30,9,1707.9,3,3,3,333,Loyal,1707.9
16908,723,1,252.59,1,1,1,111,Lost,252.59
16909,73,1,379.14,3,1,2,312,Needs Attention,379.14
16910,5,8,1510.06,4,3,3,433,Champions,1510.06
16911,636,2,255.25,1,1,1,111,Lost,255.25
16912,29,15,4480.31,3,3,4,334,Loyal,4480.31
16913,291,3,423.91,2,2,2,222,At Risk,423.91
16914,37,1,208.46,3,1,1,311,Needs Attention,208.46
16915,10,11,1543.18,4,3,3,433,Champions,1543.18
16916,24,4,1123.4,4,2,3,423,Champions,1123.4
16917,277,2,1857.83,2,1,3,213,Needs Attention,1857.83
16918,50,16,3213.29,3,3,4,334,Loyal,3213.29
16919,157,24,5125.91,2,3,4,234,At Risk,5125.91
16920,412,1,355.45,1,1,2,112,Needs Attention,355.45
16921,62,3,446.67,3,2,2,322,Needs Attention,446.67
16922,573,1,611.08,1,1,2,112,Needs Attention,611.08
16923,13,32,13378.36,4,3,4,434,Champions,13378.36
16924,22,3,846.75,4,2,2,422,Needs Attention,846.75
16925,541,1,125.65,1,1,1,111,Lost,125.65
16926,372,5,1421.35,2,2,3,223,At Risk,1421.35
16927,116,3,543.05,2,2,2,222,At Risk,543.05
16928,81,29,4113.23,3,3,4,334,Loyal,4113.23
16929,4,7,1295.39,4,3,3,433,Champions,1295.39
16930,27,3,380.55,3,2,2,322,Needs Attention,380.55
16931,6,23,5233.62,4,3,4,434,Champions,5233.62
16932,54,3,440.71,3,2,2,322,Needs Attention,440.71
16933,2,9,3181.25,4,3,4,434,Champions,3181.25
16934,55,6,2110.99,3,3,3,333,Loyal,2110.99
16935,382,3,535.1,1,2,2,122,At Risk,535.1
16936,26,2,551.17,4,1,2,412,Needs Attention,551.17
16937,500,1,202.1,1,1,1,111,Lost,202.1
16938,9,9,7043.18,4,3,4,434,Champions,7043.18
16939,489,3,449.0,1,2,2,122,At Risk,449.0
16940,53,8,6427.66,3,3,4,334,Loyal,6427.66
16941,612,1,33.0,1,1,1,111,Lost,33.0
16942,13,9,1920.59,4,3,3,433,Champions,1920.59
16943,212,5,1299.49,2,2,3,223,At Risk,1299.49
16944,610,1,101.36,1,1,1,111,Lost,101.36
16945,22,33,8548.16,4,3,4,434,Champions,8548.16
16946,384,5,1222.04,1,2,3,123,At Risk,1222.04
16947,236,5,955.21,2,2,3,223,At Risk,955.21
16948,139,7,868.77,2,3,2,232,At Risk,868.77
16949,4,6,1286.27,4,3,3,433,Champions,1286.27
16950,57,10,3784.37,3,3,4,334,Loyal,3784.37
16951,135,3,1277.75,2,2,3,223,At Risk,1277.75
16952,110,5,798.78,2,2,2,222,At Risk,798.78
16953,31,1,20.8,3,1,1,311,Needs Attention,20.8
16954,1,20,6081.88,4,3,4,434,Champions,6081.88
16955,185,6,1309.41,2,3,3,233,At Risk,1309.41
16956,18,1,308.74,4,1,1,411,Needs Attention,308.74
16957,240,2,416.64,2,1,2,212,Needs Attention,416.64
16958,436,1,809.44,1,1,2,112,Needs Attention,809.44
16959,88,1,117.35,3,1,1,311,Needs Attention,117.35
16960,39,8,2043.43,3,3,3,333,Loyal,2043.43
16961,117,3,794.56,2,2,2,222,At Risk,794.56
16962,410,1,251.04,1,1,1,111,Lost,251.04
16963,188,1,110.55,2,1,1,211,Lost,110.55
16964,734,2,207.85,1,1,1,111,Lost,207.85
16965,227,1,201.19,2,1,1,211,Lost,201.19
16966,9,7,2154.97,4,3,3,433,Champions,2154.97
16967,190,1,319.02,2,1,1,211,Lost,319.02
16968,5,2,439.43,4,1,2,412,Needs Attention,439.43
16969,40,3,650.41,3,2,2,322,Needs Attention,650.41
16970,627,1,71.4,1,1,1,111,Lost,71.4
16971,39,1,357.21,3,1,2,312,Needs Attention,357.21
16972,383,2,786.25,1,1,2,112,Needs Attention,786.25
16973,387,1,127.0,1,1,1,111,Lost,127.0
16974,523,2,365.5,1,1,2,112,Needs Attention,365.5
16975,424,3,926.12,1,2,3,123,At Risk,926.12
16976,268,1,251.52,2,1,1,211,Lost,251.52
16977,396,4,496.0,1,2,2,122,At Risk,496.0
16978,78,3,768.88,3,2,2,322,Needs Attention,768.88
16979,4,9,2859.74,4,3,4,434,Champions,2859.74
16980,256,3,1473.33,2,2,3,223,At Risk,1473.33
16982,61,1,384.06,3,1,2,312,Needs Attention,384.06
16983,13,11,3710.22,4,3,4,434,Champions,3710.22
16984,89,9,10754.8,3,3,4,334,Loyal,10754.8
16985,18,23,10923.16,4,3,4,434,Champions,10923.16
16986,30,11,4888.75,3,3,4,334,Loyal,4888.75
16987,4,11,2535.9,4,3,4,434,Champions,2535.9
16988,6,2,382.67,4,1,2,412,Needs Attention,382.67
16989,8,6,1133.25,4,3,3,433,Champions,1133.25
16990,219,2,344.0,2,1,1,211,Lost,344.0
16991,422,1,1041.21,1,1,3,113,Needs Attention,1041.21
16992,11,13,5476.5,4,3,4,434,Champions,5476.5
16993,464,2,1950.95,1,1,3,113,Needs Attention,1950.95
16996,31,9,2123.61,3,3,3,333,Loyal,2123.61
16997,289,3,702.0,2,2,2,222,At Risk,702.0
16998,150,5,402.0,2,2,2,222,At Risk,402.0
16999,24,2,484.82,4,1,2,412,Needs Attention,484.82
17000,397,2,406.3,1,1,2,112,Needs Attention,406.3
17001,1,19,6640.8,4,3,4,434,Champions,6640.8
17002,86,7,2571.55,3,3,4,334,Loyal,2571.55
17003,403,4,830.16,1,2,2,122,At Risk,830.16
17004,47,4,2425.16,3,2,4,324,Loyal,2425.16
17005,471,2,742.36,1,1,2,112,Needs Attention,742.36
17006,5,8,1636.32,4,3,3,433,Champions,1636.32
17007,51,7,1120.1,3,3,3,333,Loyal,1120.1
17008,430,1,81.36,1,1,1,111,Lost,81.36
17009,552,1,242.06,1,1,1,111,Lost,242.06
17010,19,1,195.36,4,1,1,411,Needs Attention,195.36
17011,31,3,671.7,3,2,2,322,Needs Attention,671.7
17012,726,1,384.16,1,1,2,112,Needs Attention,384.16
17014,9,3,586.33,4,2,2,422,Needs Attention,586.33
17015,29,3,1842.56,3,2,3,323,Loyal,1842.56
17016,577,1,552.4,1,1,2,112,Needs Attention,552.4
17017,3,29,14110.61,4,3,4,434,Champions,14110.61
17018,41,6,2287.7,3,3,3,333,Loyal,2287.7
17019,12,11,4012.2,4,3,4,434,Champions,4012.2
17020,543,2,935.62,1,1,3,113,Needs Attention,935.62
17021,443,6,1182.22,1,3,3,133,At Risk,1182.22
17022,32,2,260.0,3,1,1,311,Needs Attention,260.0
17023,418,3,800.18,1,2,2,122,At Risk,800.18
17024,46,3,95.85,3,2,1,321,Needs Attention,95.85
17025,61,5,1510.64,3,2,3,323,Loyal,1510.64
17026,186,3,208.98,2,2,1,221,Needs Attention,208.98
17027,79,9,1327.11,3,3,3,333,Loyal,1327.11
17028,582,3,1593.83,1,2,3,123,At Risk,1593.83
17029,111,7,2137.3,2,3,3,233,At Risk,2137.3
17030,64,1,146.87,3,1,1,311,Needs Attention,146.87
17031,12,6,2773.85,4,3,4,434,Champions,2773.85
17032,548,8,3004.6,1,3,4,134,At Risk,3004.6
17033,87,4,1332.79,3,2,3,323,Loyal,1332.79
17034,17,5,1283.92,4,2,3,423,Champions,1283.92
17035,246,4,613.59,2,2,2,222,At Risk,613.59
17036,384,1,176.9,1,1,1,111,Lost,176.9
17037,88,1,1267.32,3,1,3,313,Loyal,1267.32
17038,31,2,743.17,3,1,2,312,Needs Attention,743.17
17039,605,1,1954.99,1,1,3,113,Needs Attention,1954.99
17040,138,2,463.25,2,1,2,212,Needs Attention,463.25
17041,27,6,1686.28,3,3,3,333,Loyal,1686.28
17042,3,5,1044.38,4,2,3,423,Champions,1044.38
17043,33,8,2616.55,3,3,4,334,Loyal,2616.55
17044,26,12,11962.3,4,3,4,434,Champions,11962.3
17045,114,5,827.68,2,2,2,222,At Risk,827.68
17046,158,5,1906.07,2,2,3,223,At Risk,1906.07
17047,86,6,2289.23,3,3,3,333,Loyal,2289.23
17048,118,7,2071.68,2,3,3,233,At Risk,2071.68
17049,3,19,9947.48,4,3,4,434,Champions,9947.48
17050,97,11,4691.79,2,3,4,234,At Risk,4691.79
17051,195,4,714.39,2,2,2,222,At Risk,714.39
17052,29,1,413.75,3,1,2,312,Needs Attention,413.75
17053,131,1,498.48,2,1,2,212,Needs Attention,498.48
17054,29,5,1356.33,3,2,3,323,Loyal,1356.33
17055,446,1,239.55,1,1,1,111,Lost,239.55
17056,739,1,128.6,1,1,1,111,Lost,128.6
17057,597,1,294.74,1,1,1,111,Lost,294.74
17058,82,3,1179.89,3,2,3,323,Loyal,1179.89
17059,30,9,5602.53,3,3,4,334,Loyal,5602.53
17060,267,1,234.24,2,1,1,211,Lost,234.24
17061,74,11,5232.23,3,3,4,334,Loyal,5232.23
17062,314,6,1208.22,2,3,3,233,At Risk,1208.22
17063,22,13,3638.53,4,3,4,434,Champions,3638.53
17064,59,3,859.35,3,2,2,322,Needs Attention,859.35
17065,638,2,194.7,1,1,1,111,Lost,194.7
17066,727,1,228.34,1,1,1,111,Lost,228.34
17067,725,3,454.54,1,2,2,122,At Risk,454.54
17068,13,47,9161.08,4,3,4,434,Champions,9161.08
17069,29,14,5794.28,3,3,4,334,Loyal,5794.28
17070,115,2,445.32,2,1,2,212,Needs Attention,445.32
17071,29,13,3801.2,3,3,4,334,Loyal,3801.2
17072,626,1,282.05,1,1,1,111,Lost,282.05
17073,18,4,1446.09,4,2,3,423,Champions,1446.09
17074,563,1,203.05,1,1,1,111,Lost,203.05
17075,18,10,2241.73,4,3,3,433,Champions,2241.73
17076,37,6,1242.75,3,3,3,333,Loyal,1242.75
17077,579,1,306.0,1,1,1,111,Lost,306.0
17078,37,2,378.2,3,1,2,312,Needs Attention,378.2
17079,79,1,118.8,3,1,1,311,Needs Attention,118.8
17080,23,7,957.53,4,3,3,433,Champions,957.53
17081,26,6,964.39,4,3,3,433,Champions,964.39
17082,34,6,4732.03,3,3,4,334,Loyal,4732.03
17083,110,9,4049.79,2,3,4,234,At Risk,4049.79
17084,36,3,5202.97,3,2,4,324,Loyal,5202.97
17085,124,28,7891.41,2,3,4,234,At Risk,7891.41
17086,8,6,2050.08,4,3,3,433,Champions,2050.08
17087,738,1,221.53,1,1,1,111,Lost,221.53
17088,29,4,1991.01,3,2,3,323,Loyal,1991.01
17089,387,1,128.45,1,1,1,111,Lost,128.45
17090,5,13,3149.48,4,3,4,434,Champions,3149.48
17091,3,19,7811.1,4,3,4,434,Champions,7811.1
17092,51,11,5594.96,3,3,4,334,Loyal,5594.96
17093,593,1,235.88,1,1,1,111,Lost,235.88
17094,323,2,402.2,2,1,2,212,Needs Attention,402.2
17095,23,7,2572.25,4,3,4,434,Champions,2572.25
17096,16,11,3759.18,4,3,4,434,Champions,3759.18
17097,3,9,1340.45,4,3,3,433,Champions,1340.45
17098,382,3,591.07,1,2,2,122,At Risk,591.07
17099,534,1,582.17,1,1,2,112,Needs Attention,582.17
17100,19,2,971.74,4,1,3,413,Loyal,971.74
17101,11,7,2507.05,4,3,4,434,Champions,2507.05
17102,262,1,25.5,2,1,1,211,Lost,25.5
17103,723,1,424.3,1,1,2,112,Needs Attention,424.3
17104,424,1,474.03,1,1,2,112,Needs Attention,474.03
17105,160,2,665.78,2,1,2,212,Needs Attention,665.78
17106,390,1,491.23,1,1,2,112,Needs Attention,491.23
17107,34,10,16075.42,3,3,4,334,Loyal,16075.42
17108,664,1,174.95,1,1,1,111,Lost,174.95
17109,30,8,1295.46,3,3,3,333,Loyal,1295.46
17110,166,3,510.7,2,2,2,222,At Risk,510.7
17111,48,2,476.58,3,1,2,312,Needs Attention,476.58
17112,503,1,205.17,1,1,1,111,Lost,205.17
17113,575,6,2322.59,1,3,4,134,At Risk,2322.59
17114,6,8,808.62,4,3,2,432,Needs Attention,808.62
17115,9,7,2761.49,4,3,4,434,Champions,2761.49
17116,649,1,389.78,1,1,2,112,Needs Attention,389.78
17117,289,1,116.2,2,1,1,211,Lost,116.2
17118,318,1,157.02,2,1,1,211,Lost,157.02
17119,4,2,606.91,4,1,2,412,Needs Attention,606.91
17120,234,1,307.46,2,1,1,211,Lost,307.46
17121,403,1,314.74,1,1,1,111,Lost,314.74
17122,120,4,570.5,2,2,2,222,At Risk,570.5
17123,162,3,977.17,2,2,3,223,At Risk,977.17
17124,186,1,298.89,2,1,1,211,Lost,298.89
17125,51,1,259.35,3,1,1,311,Needs Attention,259.35
17126,153,9,2070.44,2,3,3,233,At Risk,2070.44
17127,429,5,1155.03,1,2,3,123,At Risk,1155.03
17128,335,1,157.09,2,1,1,211,Lost,157.09
17129,521,1,31.85,1,1,1,111,Lost,31.85
17131,6,5,2463.17,4,2,4,424,Champions,2463.17
17132,453,2,1272.8,1,1,3,113,Needs Attention,1272.8
17133,16,12,14622.33,4,3,4,434,Champions,14622.33
17134,107,3,637.1,2,2,2,222,At Risk,637.1
17135,17,10,1954.16,4,3,3,433,Champions,1954.16
17136,663,1,231.68,1,1,1,111,Lost,231.68
17137,417,6,1133.63,1,3,3,133,At Risk,1133.63
17138,276,7,4417.27,2,3,4,234,At Risk,4417.27
17139,16,25,19584.46,4,3,4,434,Champions,19584.46
17140,248,1,465.32,2,1,2,212,Needs Attention,465.32
17141,419,4,754.33,1,2,2,122,At Risk,754.33
17142,240,4,1283.75,2,2,3,223,At Risk,1283.75
17143,418,2,924.11,1,1,3,113,Needs Attention,924.11
17144,2,2,984.57,4,1,3,413,Loyal,984.57
17145,513,4,3120.91,1,2,4,124,At Risk,3120.91
17146,106,13,5860.24,2,3,4,234,At Risk,5860.24
17147,23,9,3199.95,4,3,4,434,Champions,3199.95
17148,52,1,124.88,3,1,1,311,Needs Attention,124.88
17149,452,1,143.1,1,1,1,111,Lost,143.1
17150,377,6,1375.65,2,3,3,233,At Risk,1375.65
17151,736,1,231.9,1,1,1,111,Lost,231.9
17152,195,4,2016.5,2,2,3,223,At Risk,2016.5
17153,25,1,213.78,4,1,1,411,Needs Attention,213.78
17154,76,1,329.34,3,1,1,311,Needs Attention,329.34
17155,18,7,892.46,4,3,2,432,Needs Attention,892.46
17156,492,1,591.87,1,1,2,112,Needs Attention,591.87
17157,8,19,5151.9,4,3,4,434,Champions,5151.9
17158,33,5,1980.0,3,2,3,323,Loyal,1980.0
17159,22,5,2099.59,4,2,3,423,Champions,2099.59
17160,32,17,10209.16,3,3,4,334,Loyal,10209.16
17161,445,1,856.01,1,1,2,112,Needs Attention,856.01
17162,29,10,1715.46,3,3,3,333,Loyal,1715.46
17163,22,4,699.78,4,2,2,422,Needs Attention,699.78
17164,33,7,2467.35,3,3,4,334,Loyal,2467.35
17165,285,6,1794.32,2,3,3,233,At Risk,1794.32
17166,39,2,206.34,3,1,1,311,Needs Attention,206.34
17167,380,3,867.11,2,2,2,222,At Risk,867.11
17168,499,1,400.2,1,1,2,112,Needs Attention,400.2
17169,58,3,1156.73,3,2,3,323,Loyal,1156.73
17170,375,2,178.68,2,1,1,211,Lost,178.68
17171,290,2,384.59,2,1,2,212,Needs Attention,384.59
17172,79,3,956.57,3,2,3,323,Loyal,956.57
17173,6,8,3766.6,4,3,4,434,Champions,3766.6
17174,218,1,59.9,2,1,1,211,Lost,59.9
17175,45,4,1443.69,3,2,3,323,Loyal,1443.69
17176,202,3,902.32,2,2,3,223,At Risk,902.32
17177,506,1,119.5,1,1,1,111,Lost,119.5
17178,732,1,436.71,1,1,2,112,Needs Attention,436.71
17179,179,6,1507.26,2,3,3,233,At Risk,1507.26
17180,57,11,2256.98,3,3,3,333,Loyal,2256.98
17181,58,3,465.37,3,2,2,322,Needs Attention,465.37
17182,423,2,321.3,1,1,1,111,Lost,321.3
17183,8,6,3347.31,4,3,4,434,Champions,3347.31
17184,570,2,198.41,1,1,1,111,Lost,198.41
17185,592,3,229.46,1,2,1,121,Needs Attention,229.46
17186,47,2,144.0,3,1,1,311,Needs Attention,144.0
17187,227,2,467.71,2,1,2,212,Needs Attention,467.71
17188,12,13,4592.93,4,3,4,434,Champions,4592.93
17189,107,5,957.63,2,2,3,223,At Risk,957.63
17190,59,7,1743.04,3,3,3,333,Loyal,1743.04
17191,29,15,4836.05,3,3,4,334,Loyal,4836.05
17192,537,1,77.83,1,1,1,111,Lost,77.83
17193,36,9,2310.04,3,3,4,334,Loyal,2310.04
17194,274,3,812.5,2,2,2,222,At Risk,812.5
17195,656,1,562.98,1,1,2,112,Needs Attention,562.98
17196,428,1,352.9,1,1,2,112,Needs Attention,352.9
17197,30,1,1013.01,3,1,3,313,Loyal,1013.01
17198,24,3,1213.88,4,2,3,423,Champions,1213.88
17199,583,1,145.12,1,1,1,111,Lost,145.12
17200,388,4,356.71,1,2,2,122,At Risk,356.71
17201,54,4,1242.04,3,2,3,323,Loyal,1242.04
17202,421,1,160.65,1,1,1,111,Lost,160.65
17203,36,10,5575.88,3,3,4,334,Loyal,5575.88
17204,176,9,5504.69,2,3,4,234,At Risk,5504.69
17205,54,3,999.35,3,2,3,323,Loyal,999.35
17206,54,1,204.24,3,1,1,311,Needs Attention,204.24
17207,653,1,303.22,1,1,1,111,Lost,303.22
17208,396,1,115.35,1,1,1,111,Lost,115.35
17209,650,3,611.6,1,2,2,122,At Risk,611.6
17210,393,1,253.37,1,1,1,111,Lost,253.37
17211,27,13,4046.65,3,3,4,334,Loyal,4046.65
17212,254,3,794.41,2,2,2,222,At Risk,794.41
17213,41,13,5182.3,3,3,4,334,Loyal,5182.3
17214,61,6,1069.12,3,3,3,333,Loyal,1069.12
17215,465,1,186.15,1,1,1,111,Lost,186.15
17216,555,1,65.05,1,1,1,111,Lost,65.05
17217,235,2,218.0,2,1,1,211,Lost,218.0
17218,5,18,4192.68,4,3,4,434,Champions,4192.68
17219,32,2,259.13,3,1,1,311,Needs Attention,259.13
17220,25,21,4481.75,4,3,4,434,Champions,4481.75
17221,8,5,978.52,4,2,3,423,Champions,978.52
17222,66,6,1605.01,3,3,3,333,Loyal,1605.01
17223,311,3,873.53,2,2,2,222,At Risk,873.53
17224,502,1,100.86,1,1,1,111,Lost,100.86
17225,582,1,131.15,1,1,1,111,Lost,131.15
17226,309,3,900.12,2,2,3,223,At Risk,900.12
17227,19,12,2022.03,4,3,3,433,Champions,2022.03
17228,16,13,3177.24,4,3,4,434,Champions,3177.24
17229,97,2,318.76,2,1,1,211,Lost,318.76
17230,265,18,9924.95,2,3,4,234,At Risk,9924.95
17231,13,25,7197.04,4,3,4,434,Champions,7197.04
17232,3,2,421.52,4,1,2,412,Needs Attention,421.52
17233,36,3,560.86,3,2,2,322,Needs Attention,560.86
17234,183,1,149.89,2,1,1,211,Lost,149.89
17235,26,8,1904.88,4,3,3,433,Champions,1904.88
17236,13,12,1929.26,4,3,3,433,Champions,1929.26
17237,12,4,1002.08,4,2,3,423,Champions,1002.08
17238,3,32,7783.1,4,3,4,434,Champions,7783.1
17239,313,4,1189.45,2,2,3,223,At Risk,1189.45
17240,597,1,130.6,1,1,1,111,Lost,130.6
17241,386,12,2744.14,1,3,4,134,At Risk,2744.14
17242,109,5,2889.28,2,2,4,224,At Risk,2889.28
17243,2,69,20889.86,4,3,4,434,Champions,20889.86
17244,54,5,1826.04,3,2,3,323,Loyal,1826.04
17245,205,2,371.63,2,1,2,212,Needs Attention,371.63
17246,547,2,38.92,1,1,1,111,Lost,38.92
17247,16,1,282.19,4,1,1,411,Needs Attention,282.19
17248,121,2,546.16,2,1,2,212,Needs Attention,546.16
17249,429,1,68.03,1,1,1,111,Lost,68.03
17250,4,2,384.52,4,1,2,412,Needs Attention,384.52
17251,363,3,812.43,2,2,2,222,At Risk,812.43
17252,117,2,353.86,2,1,2,212,Needs Attention,353.86
17253,19,1,178.26,4,1,1,411,Needs Attention,178.26
17254,5,3,470.73,4,2,2,422,Needs Attention,470.73
17255,41,4,799.13,3,2,2,322,Needs Attention,799.13
17256,108,5,498.93,2,2,2,222,At Risk,498.93
17257,437,2,192.73,1,1,1,111,Lost,192.73
17258,397,2,417.3,1,1,2,112,Needs Attention,417.3
17259,149,6,1889.34,2,3,3,233,At Risk,1889.34
17260,412,1,120.95,1,1,1,111,Lost,120.95
17261,510,1,230.44,1,1,1,111,Lost,230.44
17262,53,11,2757.62,3,3,4,334,Loyal,2757.62
17263,209,1,63.44,2,1,1,211,Lost,63.44
17264,425,1,279.59,1,1,1,111,Lost,279.59
17265,139,2,562.9,2,1,2,212,Needs Attention,562.9
17266,3,5,517.73,4,2,2,422,Needs Attention,517.73
17267,128,2,317.62,2,1,1,211,Lost,317.62
17268,108,11,1733.89,2,3,3,233,At Risk,1733.89
17269,386,1,537.46,1,1,2,112,Needs Attention,537.46
17270,470,2,604.4,1,1,2,112,Needs Attention,604.4
17271,737,1,210.39,1,1,1,111,Lost,210.39
17272,43,4,2148.63,3,2,3,323,Loyal,2148.63
17273,425,1,141.12,1,1,1,111,Lost,141.12
17274,36,2,577.38,3,1,2,312,Needs Attention,577.38
17275,384,1,114.52,1,1,1,111,Lost,114.52
17276,403,1,508.39,1,1,2,112,Needs Attention,508.39
17277,228,2,1065.35,2,1,3,213,Needs Attention,1065.35
17278,242,2,271.24,2,1,1,211,Lost,271.24
17279,58,1,187.83,3,1,1,311,Needs Attention,187.83
17280,439,1,118.86,1,1,1,111,Lost,118.86
17281,375,6,797.85,2,3,2,232,At Risk,797.85
17282,131,5,2339.66,2,2,4,224,At Risk,2339.66
17283,379,1,188.46,2,1,1,211,Lost,188.46
17284,61,8,2793.16,3,3,4,334,Loyal,2793.16
17285,629,2,428.34,1,1,2,112,Needs Attention,428.34
17286,22,3,395.48,4,2,2,422,Needs Attention,395.48
17287,27,21,4111.96,3,3,4,334,Loyal,4111.96
17288,10,11,2499.98,4,3,4,434,Champions,2499.98
17289,32,9,2079.39,3,3,3,333,Loyal,2079.39
17290,4,8,1501.44,4,3,3,433,Champions,1501.44
17291,309,1,550.8,2,1,2,212,Needs Attention,550.8
17292,473,2,271.75,1,1,1,111,Lost,271.75
17293,9,17,3774.23,4,3,4,434,Champions,3774.23
17294,670,2,467.79,1,1,2,112,Needs Attention,467.79
17295,29,3,556.95,3,2,2,322,Needs Attention,556.95
17296,731,1,338.13,1,1,1,111,Lost,338.13
17297,18,1,131.78,4,1,1,411,Needs Attention,131.78
17298,102,5,957.56,2,2,3,223,At Risk,957.56
17299,12,6,1016.08,4,3,3,433,Champions,1016.08
17300,391,2,393.64,1,1,2,112,Needs Attention,393.64
17301,22,2,330.43,4,1,1,411,Needs Attention,330.43
17302,15,5,1135.63,4,2,3,423,Champions,1135.63
17303,362,1,250.04,2,1,1,211,Lost,250.04
17304,535,1,111.5,1,1,1,111,Lost,111.5
17305,649,1,2135.46,1,1,3,113,Needs Attention,2135.46
17306,11,21,9782.35,4,3,4,434,Champions,9782.35
17307,396,11,3999.89,1,3,4,134,At Risk,3999.89
17308,394,2,4511.76,1,1,4,114,Needs Attention,4511.76
17309,96,3,330.59,3,2,1,321,Needs Attention,330.59
17310,388,2,1025.1,1,1,3,113,Needs Attention,1025.1
17311,79,6,3566.56,3,3,4,334,Loyal,3566.56
17312,139,3,644.3,2,2,2,222,At Risk,644.3
17313,32,1,2328.84,3,1,4,314,Loyal,2328.84
17314,25,17,4904.43,4,3,4,434,Champions,4904.43
17315,2,43,9650.6,4,3,4,434,Champions,9650.6
17316,421,1,124.45,1,1,1,111,Lost,124.45
17317,47,3,2600.34,3,2,4,324,Loyal,2600.34
17318,726,1,164.28,1,1,1,111,Lost,164.28
17319,670,1,29.1,1,1,1,111,Lost,29.1
17320,101,6,2895.77,2,3,4,234,At Risk,2895.77
17321,9,6,1741.18,4,3,3,433,Champions,1741.18
17322,377,5,922.59,2,2,3,223,At Risk,922.59
17323,16,12,1565.59,4,3,3,433,Champions,1565.59
17324,18,12,2301.87,4,3,3,433,Champions,2301.87
17325,281,3,609.57,2,2,2,222,At Risk,609.57
17326,409,2,321.95,1,1,1,111,Lost,321.95
17327,410,2,152.35,1,1,1,111,Lost,152.35
17328,674,1,104.7,1,1,1,111,Lost,104.7
17329,15,5,1004.43,4,2,3,423,Champions,1004.43
17330,23,4,423.8,4,2,2,422,Needs Attention,423.8
17331,124,1,175.2,2,1,1,211,Lost,175.2
17332,529,5,838.27,1,2,2,122,At Risk,838.27
17333,86,1,494.25,3,1,2,312,Needs Attention,494.25
17334,303,3,635.15,2,2,2,222,At Risk,635.15
17335,384,2,508.0,1,1,2,112,Needs Attention,508.0
17336,473,1,81.12,1,1,1,111,Lost,81.12
17337,152,4,2027.87,2,2,3,223,At Risk,2027.87
17338,18,17,12142.57,4,3,4,434,Champions,12142.57
17339,95,3,362.36,3,2,2,322,Needs Attention,362.36
17340,30,18,22404.82,3,3,4,334,Loyal,22404.82
17341,157,5,1889.83,2,2,3,223,At Risk,1889.83
17342,380,4,1227.54,2,2,3,223,At Risk,1227.54
17343,356,6,1259.94,2,3,3,233,At Risk,1259.94
17344,47,2,468.11,3,1,2,312,Needs Attention,468.11
17345,16,10,1604.68,4,3,3,433,Champions,1604.68
17346,4,26,5323.0,4,3,4,434,Champions,5323.0
17347,87,1,228.96,3,1,1,311,Needs Attention,228.96
17348,15,9,2476.41,4,3,4,434,Champions,2476.41
17349,180,5,852.25,2,2,2,222,At Risk,852.25
17350,9,7,1906.04,4,3,3,433,Champions,1906.04
17351,37,12,1988.23,3,3,3,333,Loyal,1988.23
17352,697,1,36.25,1,1,1,111,Lost,36.25
17353,130,4,3242.0,2,2,4,224,At Risk,3242.0
17354,51,4,3143.46,3,2,4,324,Loyal,3143.46
17355,387,1,285.11,1,1,1,111,Lost,285.11
17356,312,5,946.47,2,2,3,223,At Risk,946.47
17357,25,2,388.14,4,1,2,412,Needs Attention,388.14
17358,304,5,866.05,2,2,2,222,At Risk,866.05
17359,12,2,284.46,4,1,1,411,Needs Attention,284.46
17360,18,6,1231.38,4,3,3,433,Champions,1231.38
17361,50,5,880.64,3,2,2,322,Needs Attention,880.64
17362,240,7,1024.04,2,3,3,233,At Risk,1024.04
17363,396,3,940.86,1,2,3,123,At Risk,940.86
17364,1,28,12070.42,4,3,4,434,Champions,12070.42
17365,13,15,8224.98,4,3,4,434,Champions,8224.98
17366,433,2,1096.24,1,1,3,113,Needs Attention,1096.24
17367,239,1,168.4,2,1,1,211,Lost,168.4
17368,24,14,2826.14,4,3,4,434,Champions,2826.14
17369,456,1,979.2,1,1,3,113,Needs Attention,979.2
17370,73,4,446.18,3,2,2,322,Needs Attention,446.18
17371,18,6,662.55,4,3,2,432,Needs Attention,662.55
17372,41,28,4377.56,3,3,4,334,Loyal,4377.56
17373,41,7,1167.5,3,3,3,333,Loyal,1167.5
17374,219,3,727.11,2,2,2,222,At Risk,727.11
17375,200,4,660.55,2,2,2,222,At Risk,660.55
17376,71,4,453.64,3,2,2,322,Needs Attention,453.64
17377,24,78,18319.41,4,3,4,434,Champions,18319.41
17378,375,1,10.95,2,1,1,211,Lost,10.95
17379,12,1,404.66,4,1,2,412,Needs Attention,404.66
17380,435,3,645.0,1,2,2,122,At Risk,645.0
17381,9,38,40002.37,4,3,4,434,Champions,40002.37
17382,66,8,902.28,3,3,3,333,Loyal,902.28
17383,5,2,309.99,4,1,1,411,Needs Attention,309.99
17384,20,3,507.55,4,2,2,422,Needs Attention,507.55
17385,15,1,261.11,4,1,1,411,Needs Attention,261.11
17386,8,7,2812.77,4,3,4,434,Champions,2812.77
17387,20,2,784.11,4,1,2,412,Needs Attention,784.11
17388,78,11,2691.57,3,3,4,334,Loyal,2691.57
17389,1,61,57224.68,4,3,4,434,Champions,57224.68
17390,421,1,149.3,1,1,1,111,Lost,149.3
17391,164,2,508.8,2,1,2,212,Needs Attention,508.8
17392,307,3,626.56,2,2,2,222,At Risk,626.56
17393,411,2,381.15,1,1,2,112,Needs Attention,381.15
17394,220,1,203.87,2,1,1,211,Lost,203.87
17395,509,1,97.5,1,1,1,111,Lost,97.5
17396,40,14,8807.1,3,3,4,334,Loyal,8807.1
17397,23,3,1233.18,4,2,3,423,Champions,1233.18
17398,115,3,653.38,2,2,2,222,At Risk,653.38
17400,127,8,4677.05,2,3,4,234,At Risk,4677.05
17401,542,1,114.85,1,1,1,111,Lost,114.85
17402,5,23,5096.18,4,3,4,434,Champions,5096.18
17403,37,2,400.57,3,1,2,312,Needs Attention,400.57
17404,5,23,47781.12,4,3,4,434,Champions,47781.12
17405,2,3,1031.41,4,2,3,423,Champions,1031.41
17406,334,13,4905.05,2,3,4,234,At Risk,4905.05
17407,412,1,552.9,1,1,2,112,Needs Attention,552.9
17408,164,3,316.09,2,2,1,221,Needs Attention,316.09
17409,185,10,7793.51,2,3,4,234,At Risk,7793.51
17410,17,5,1214.72,4,2,3,423,Champions,1214.72
17411,13,5,1425.38,4,2,3,423,Champions,1425.38
17412,3,16,4417.52,4,3,4,434,Champions,4417.52
17413,405,2,560.14,1,1,2,112,Needs Attention,560.14
17414,44,6,2249.52,3,3,3,333,Loyal,2249.52
17415,80,1,507.84,3,1,2,312,Needs Attention,507.84
17416,30,22,17298.45,3,3,4,334,Loyal,17298.45
17417,549,1,164.18,1,1,1,111,Lost,164.18
17418,43,3,670.06,3,2,2,322,Needs Attention,670.06
17419,12,18,6500.52,4,3,4,434,Champions,6500.52
17420,51,6,1084.43,3,3,3,333,Loyal,1084.43
17421,387,3,1059.41,1,2,3,123,At Risk,1059.41
17422,17,11,3594.76,4,3,4,434,Champions,3594.76
17423,47,3,1118.95,3,2,3,323,Loyal,1118.95
17425,20,2,759.17,4,1,2,412,Needs Attention,759.17
17426,9,13,8077.77,4,3,4,434,Champions,8077.77
17427,72,1,100.8,3,1,1,311,Needs Attention,100.8
17428,1,45,31819.76,4,3,4,434,Champions,31819.76
17429,129,5,1357.46,2,2,3,223,At Risk,1357.46
17430,33,4,735.17,3,2,2,322,Needs Attention,735.17
17431,314,1,403.3,2,1,2,212,Needs Attention,403.3
17432,19,9,1751.39,4,3,3,433,Champions,1751.39
17433,89,2,569.96,3,1,2,312,Needs Attention,569.96
17434,3,7,2373.82,4,3,4,434,Champions,2373.82
17435,412,1,331.35,1,1,1,111,Lost,331.35
17436,2,5,534.06,4,2,2,422,Needs Attention,534.06
17437,530,1,373.17,1,1,2,112,Needs Attention,373.17
17438,254,5,1422.77,2,2,3,223,At Risk,1422.77
17439,656,1,325.74,1,1,1,111,Lost,325.74
17440,157,4,323.58,2,2,1,221,Needs Attention,323.58
17441,733,1,293.35,1,1,1,111,Lost,293.35
17442,37,15,4620.3,3,3,4,334,Loyal,4620.3
17443,220,1,534.24,2,1,2,212,Needs Attention,534.24
17444,148,3,2940.04,2,2,4,224,At Risk,2940.04
17446,177,2,120.9,2,1,1,211,Lost,120.9
17447,41,2,541.53,3,1,2,312,Needs Attention,541.53
17448,498,46,14556.97,1,3,4,134,At Risk,14556.97
17449,3,13,4951.15,4,3,4,434,Champions,4951.15
17450,9,51,246973.09,4,3,4,434,Champions,246973.09
17451,2,7,1721.4,4,3,3,433,Champions,1721.4
17453,18,2,486.72,4,1,2,412,Needs Attention,486.72
17454,193,10,1547.94,2,3,3,233,At Risk,1547.94
17455,204,1,131.7,2,1,1,211,Lost,131.7
17456,366,2,1225.42,2,1,3,213,Needs Attention,1225.42
17457,127,14,5984.81,2,3,4,234,At Risk,5984.81
17458,16,2,529.58,4,1,2,412,Needs Attention,529.58
17459,44,2,657.3,3,1,2,312,Needs Attention,657.3
17460,95,16,2228.27,3,3,3,333,Loyal,2228.27
17461,23,3,757.46,4,2,2,422,Needs Attention,757.46
17462,61,2,675.69,3,1,2,312,Needs Attention,675.69
17463,17,7,2557.91,4,3,4,434,Champions,2557.91
17464,159,3,1000.94,2,2,3,223,At Risk,1000.94
17465,426,7,2542.79,1,3,4,134,At Risk,2542.79
17466,11,2,763.28,4,1,2,412,Needs Attention,763.28
17467,396,1,102.6,1,1,1,111,Lost,102.6
17468,11,3,194.8,4,2,1,421,Needs Attention,194.8
17469,17,17,5051.25,4,3,4,434,Champions,5051.25
17470,45,11,2804.87,3,3,4,334,Loyal,2804.87
17471,475,1,321.65,1,1,1,111,Lost,321.65
17472,192,4,935.1,2,2,3,223,At Risk,935.1
17473,409,2,607.0,1,1,2,112,Needs Attention,607.0
17474,600,1,1047.0,1,1,3,113,Needs Attention,1047.0
17475,80,1,194.37,3,1,1,311,Needs Attention,194.37
17476,396,2,489.86,1,1,2,112,Needs Attention,489.86
17477,613,2,1144.3,1,1,3,113,Needs Attention,1144.3
17478,409,2,1272.8,1,1,3,113,Needs Attention,1272.8
17479,633,1,389.26,1,1,2,112,Needs Attention,389.26
17480,78,2,902.03,3,1,3,313,Loyal,902.03
17481,4,4,1255.59,4,2,3,423,Champions,1255.59
17482,488,2,778.19,1,1,2,112,Needs Attention,778.19
17483,66,4,591.73,3,2,2,322,Needs Attention,591.73
17484,577,2,209.57,1,1,1,111,Lost,209.57
17486,262,1,396.87,2,1,2,212,Needs Attention,396.87
17487,729,1,160.55,1,1,1,111,Lost,160.55
17488,642,1,336.5,1,1,1,111,Lost,336.5
17489,59,2,376.64,3,1,2,312,Needs Attention,376.64
17490,1,9,2750.5,4,3,4,434,Champions,2750.5
17491,2,17,5981.07,4,3,4,434,Champions,5981.07
17492,249,3,1122.42,2,2,3,223,At Risk,1122.42
17493,386,1,100.91,1,1,1,111,Lost,100.91
17494,502,1,54.7,1,1,1,111,Lost,54.7
17495,8,3,806.72,4,2,2,422,Needs Attention,806.72
17496,359,4,1412.89,2,2,3,223,At Risk,1412.89
17497,391,2,287.25,1,1,1,111,Lost,287.25
17498,76,1,272.22,3,1,1,311,Needs Attention,272.22
17499,290,2,1341.39,2,1,3,213,Needs Attention,1341.39
17500,18,3,1138.0,4,2,3,423,Champions,1138.0
17501,221,2,288.6,2,1,1,211,Lost,288.6
17502,10,4,689.1,4,2,2,422,Needs Attention,689.1
17503,3,2,558.96,4,1,2,412,Needs Attention,558.96
17504,207,18,9565.12,2,3,4,234,At Risk,9565.12
17505,162,5,2435.48,2,2,4,224,At Risk,2435.48
17506,76,1,302.2,3,1,1,311,Needs Attention,302.2
17507,262,2,605.58,2,1,2,212,Needs Attention,605.58
17508,281,8,4579.23,2,3,4,234,At Risk,4579.23
17509,58,8,6115.14,3,3,4,334,Loyal,6115.14
17510,25,2,514.56,4,1,2,412,Needs Attention,514.56
17511,3,60,175603.55,4,3,4,434,Champions,175603.55
17512,29,18,5467.82,3,3,4,334,Loyal,5467.82
17513,73,3,1158.8,3,2,3,323,Loyal,1158.8
17514,129,2,542.83,2,1,2,212,Needs Attention,542.83
17515,32,9,1617.46,3,3,3,333,Loyal,1617.46
17516,16,6,957.55,4,3,3,433,Champions,957.55
17517,309,1,153.94,2,1,1,211,Lost,153.94
17518,426,2,329.42,1,1,1,111,Lost,329.42
17519,18,15,5109.47,4,3,4,434,Champions,5109.47
17520,54,1,546.81,3,1,2,312,Needs Attention,546.81
17521,30,5,1278.06,3,2,3,323,Loyal,1278.06
17522,2,5,1070.71,4,2,3,423,Champions,1070.71
17523,12,4,652.74,4,2,2,422,Needs Attention,652.74
17524,362,3,539.14,2,2,2,222,At Risk,539.14
17525,360,3,1161.9,2,2,3,223,At Risk,1161.9
17526,5,12,4166.04,4,3,4,434,Champions,4166.04
17527,54,4,939.37,3,2,3,323,Loyal,939.37
17528,2,8,3628.5,4,3,4,434,Champions,3628.5
17529,611,2,1240.25,1,1,3,113,Needs Attention,1240.25
17530,2,12,3141.51,4,3,4,434,Champions,3141.51
17531,191,3,1266.82,2,2,3,223,At Risk,1266.82
17532,386,1,65.34,1,1,1,111,Lost,65.34
17533,435,1,34.8,1,1,1,111,Lost,34.8
17534,54,5,1668.83,3,2,3,323,Loyal,1668.83
17535,281,1,164.4,2,1,1,211,Lost,164.4
17536,178,3,364.83,2,2,2,222,At Risk,364.83
17537,30,2,897.62,3,1,2,312,Needs Attention,897.62
17538,26,1,98.42,4,1,1,411,Needs Attention,98.42
17539,618,4,1226.57,1,2,3,123,At Risk,1226.57
17540,25,6,1590.6,4,3,3,433,Champions,1590.6
17541,510,1,124.46,1,1,1,111,Lost,124.46
17542,270,3,341.7,2,2,1,221,Needs Attention,341.7
17543,550,1,120.05,1,1,1,111,Lost,120.05
17544,391,3,960.69,1,2,3,123,At Risk,960.69
17545,44,6,1448.54,3,3,3,333,Loyal,1448.54
17547,376,2,727.85,2,1,2,212,Needs Attention,727.85
17548,234,4,731.26,2,2,2,222,At Risk,731.26
17549,24,2,148.86,4,1,1,411,Needs Attention,148.86
17550,198,9,2547.64,2,3,4,234,At Risk,2547.64
17551,360,1,306.84,2,1,1,211,Lost,306.84
17552,61,12,3085.29,3,3,4,334,Loyal,3085.29
17553,130,4,3757.6,2,2,4,224,At Risk,3757.6
17554,2,5,1952.45,4,2,3,423,Champions,1952.45
17555,20,5,1057.74,4,2,3,423,Champions,1057.74
17556,206,2,300.67,2,1,1,211,Lost,300.67
17557,15,4,575.46,4,2,2,422,Needs Attention,575.46
17558,394,1,259.17,1,1,1,111,Lost,259.17
17559,513,1,167.62,1,1,1,111,Lost,167.62
17560,95,8,1895.8,3,3,3,333,Loyal,1895.8
17561,20,4,722.34,4,2,2,422,Needs Attention,722.34
17562,15,7,1122.38,4,3,3,433,Champions,1122.38
17563,579,2,392.38,1,1,2,112,Needs Attention,392.38
17564,25,3,454.01,4,2,2,422,Needs Attention,454.01
17565,587,1,131.83,1,1,1,111,Lost,131.83
17566,9,2,901.21,4,1,3,413,Loyal,901.21
17567,8,9,5356.03,4,3,4,434,Champions,5356.03
17568,634,1,382.79,1,1,2,112,Needs Attention,382.79
17569,333,1,344.14,2,1,1,211,Lost,344.14
17570,382,1,100.0,1,1,1,111,Lost,100.0
17571,51,5,1703.75,3,2,3,323,Loyal,1703.75
17572,72,10,723.01,3,3,2,332,Needs Attention,723.01
17573,30,3,380.6,3,2,2,322,Needs Attention,380.6
17574,243,1,185.65,2,1,1,211,Lost,185.65
17575,668,1,171.7,1,1,1,111,Lost,171.7
17576,9,41,9056.81,4,3,4,434,Champions,9056.81
17577,646,2,348.75,1,1,1,111,Lost,348.75
17578,219,7,1047.33,2,3,3,233,At Risk,1047.33
17579,5,4,753.28,4,2,2,422,Needs Attention,753.28
17580,253,5,545.27,2,2,2,222,At Risk,545.27
17581,1,43,18757.75,4,3,4,434,Champions,18757.75
17582,237,5,1450.7,2,2,3,223,At Risk,1450.7
17583,561,1,135.95,1,1,1,111,Lost,135.95
17584,8,6,5309.42,4,3,4,434,Champions,5309.42
17585,110,7,2093.3,2,3,3,233,At Risk,2093.3
17586,620,1,167.4,1,1,1,111,Lost,167.4
17587,629,1,181.66,1,1,1,111,Lost,181.66
17588,101,7,2939.55,2,3,4,234,At Risk,2939.55
17589,61,18,14049.87,3,3,4,334,Loyal,14049.87
17590,3,3,1479.22,4,2,3,423,Champions,1479.22
17591,74,8,2776.67,3,3,4,334,Loyal,2776.67
17592,739,1,148.3,1,1,1,111,Lost,148.3
17593,4,11,8095.8,4,3,4,434,Champions,8095.8
17594,86,4,2497.88,3,2,4,324,Loyal,2497.88
17595,13,2,388.79,4,1,2,412,Needs Attention,388.79
17596,24,13,4920.67,4,3,4,434,Champions,4920.67
17597,214,5,3484.09,2,2,4,224,At Risk,3484.09
17598,382,1,409.98,1,1,2,112,Needs Attention,409.98
17599,478,1,52.05,1,1,1,111,Lost,52.05
17600,18,1,161.67,4,1,1,411,Needs Attention,161.67
17601,240,2,421.48,2,1,2,212,Needs Attention,421.48
17602,3,14,7451.13,4,3,4,434,Champions,7451.13
17603,79,4,1793.48,3,2,3,323,Loyal,1793.48
17604,218,6,945.93,2,3,3,233,At Risk,945.93
17605,591,1,160.75,1,1,1,111,Lost,160.75
17606,738,1,87.3,1,1,1,111,Lost,87.3
17607,377,1,333.81,2,1,1,211,Lost,333.81
17608,34,4,498.53,3,2,2,322,Needs Attention,498.53
17609,41,11,1894.34,3,3,3,333,Loyal,1894.34
17610,541,5,1529.49,1,2,3,123,At Risk,1529.49
17611,8,28,8371.98,4,3,4,434,Champions,8371.98
17612,54,18,5394.86,3,3,4,334,Loyal,5394.86
17613,23,14,4559.15,4,3,4,434,Champions,4559.15
17614,58,1,390.07,3,1,2,312,Needs Attention,390.07
17615,131,6,733.2,2,3,2,232,At Risk,733.2
17616,174,4,1060.8,2,2,3,223,At Risk,1060.8
17617,559,1,395.33,1,1,2,112,Needs Attention,395.33
17618,6,11,4073.24,4,3,4,434,Champions,4073.24
17619,313,1,218.52,2,1,1,211,Lost,218.52
17620,60,1,81.44,3,1,1,311,Needs Attention,81.44
17621,22,6,3175.12,4,3,4,434,Champions,3175.12
17622,598,2,1130.21,1,1,3,113,Needs Attention,1130.21
17623,33,7,2383.67,3,3,4,334,Loyal,2383.67
17624,15,4,1568.63,4,2,3,423,Champions,1568.63
17625,19,8,6067.8,4,3,4,434,Champions,6067.8
17626,603,1,254.0,1,1,1,111,Lost,254.0
17627,479,1,296.36,1,1,1,111,Lost,296.36
17628,82,1,75.75,3,1,1,311,Needs Attention,75.75
17629,6,10,2455.52,4,3,4,434,Champions,2455.52
17630,170,2,503.6,2,1,2,212,Needs Attention,503.6
17631,2,7,998.49,4,3,3,433,Champions,998.49
17633,32,7,2057.39,3,3,3,333,Loyal,2057.39
17634,37,9,2361.97,3,3,4,334,Loyal,2361.97
17635,425,3,1265.58,1,2,3,123,At Risk,1265.58
17636,20,1,285.56,4,1,1,411,Needs Attention,285.56
17637,32,2,547.06,3,1,2,312,Needs Attention,547.06
17638,648,2,842.4,1,1,2,112,Needs Attention,842.4
17639,277,6,615.17,2,3,2,232,At Risk,615.17
17640,87,6,3168.94,3,3,4,334,Loyal,3168.94
17642,120,5,1824.49,2,2,3,223,At Risk,1824.49
17643,374,2,541.25,2,1,2,212,Needs Attention,541.25
17644,2,20,6028.6,4,3,4,434,Champions,6028.6
17646,220,12,4149.79,2,3,4,234,At Risk,4149.79
17647,66,3,331.66,3,2,1,321,Needs Attention,331.66
17648,61,5,2216.37,3,2,3,323,Loyal,2216.37
17649,139,3,1578.89,2,2,3,223,At Risk,1578.89
17650,22,1,166.08,4,1,1,411,Needs Attention,166.08
17651,12,16,5703.52,4,3,4,434,Champions,5703.52
17652,26,12,4867.72,4,3,4,434,Champions,4867.72
17653,37,4,1207.56,3,2,3,323,Loyal,1207.56
17654,278,1,117.55,2,1,1,211,Lost,117.55
17655,11,9,3652.48,4,3,4,434,Champions,3652.48
17656,74,5,1674.69,3,2,3,323,Loyal,1674.69
17657,431,1,126.0,1,1,1,111,Lost,126.0
17658,26,2,595.42,4,1,2,412,Needs Attention,595.42
17659,18,14,3834.79,4,3,4,434,Champions,3834.79
17660,142,2,359.47,2,1,2,212,Needs Attention,359.47
17662,662,2,412.92,1,1,2,112,Needs Attention,412.92
17663,26,17,5175.83,4,3,4,434,Champions,5175.83
17664,19,4,1166.23,4,2,3,423,Champions,1166.23
17665,494,1,563.1,1,1,2,112,Needs Attention,563.1
17666,4,5,2047.8,4,2,3,423,Champions,2047.8
17667,67,9,3950.7,3,3,4,334,Loyal,3950.7
17668,2,2,347.75,4,1,1,411,Needs Attention,347.75
17669,43,10,6142.35,3,3,4,334,Loyal,6142.35
17670,228,1,205.7,2,1,1,211,Lost,205.7
17671,16,5,2403.34,4,2,4,424,Champions,2403.34
17672,51,7,5778.63,3,3,4,334,Loyal,5778.63
17673,2,13,4233.58,4,3,4,434,Champions,4233.58
17674,75,2,851.7,3,1,2,312,Needs Attention,851.7
17675,2,70,38259.6,4,3,4,434,Champions,38259.6
17676,5,10,2765.84,4,3,4,434,Champions,2765.84
17677,2,54,36692.91,4,3,4,434,Champions,36692.91
17678,264,2,599.76,2,1,2,212,Needs Attention,599.76
17679,53,7,3577.61,3,3,4,334,Loyal,3577.61
17680,24,3,497.45,4,2,2,422,Needs Attention,497.45
17681,598,5,731.2,1,2,2,122,At Risk,731.2
17682,11,11,4456.78,4,3,4,434,Champions,4456.78
17683,386,3,819.01,1,2,2,122,At Risk,819.01
17684,44,1,239.41,3,1,1,311,Needs Attention,239.41
17685,17,12,5943.17,4,3,4,434,Champions,5943.17
17686,8,9,8296.81,4,3,4,434,Champions,8296.81
17687,421,1,432.68,1,1,2,112,Needs Attention,432.68
17688,394,1,304.2,1,1,1,111,Lost,304.2
17689,389,2,317.08,1,1,1,111,Lost,317.08
17690,31,20,7448.1,3,3,4,334,Loyal,7448.1
17691,359,4,780.05,2,2,2,222,At Risk,780.05
17692,128,12,2975.8,2,3,4,234,At Risk,2975.8
17693,138,1,200.47,2,1,1,211,Lost,200.47
17694,142,3,1695.97,2,2,3,223,At Risk,1695.97
17695,132,5,1746.04,2,2,3,223,At Risk,1746.04
17696,39,27,7679.59,3,3,4,334,Loyal,7679.59
17697,237,1,338.95,2,1,1,211,Lost,338.95
17698,261,1,154.95,2,1,1,211,Lost,154.95
17699,477,2,442.0,1,1,2,112,Needs Attention,442.0
17700,17,14,6679.97,4,3,4,434,Champions,6679.97
17701,253,1,417.95,2,1,2,212,Needs Attention,417.95
17702,31,6,3144.04,3,3,4,334,Loyal,3144.04
17703,36,4,1094.84,3,2,3,323,Loyal,1094.84
17704,169,2,885.19,2,1,2,212,Needs Attention,885.19
17705,4,11,2083.9,4,3,3,433,Champions,2083.9
17706,5,31,20749.98,4,3,4,434,Champions,20749.98
17707,186,8,609.3,2,3,2,232,At Risk,609.3
17708,188,4,887.93,2,2,2,222,At Risk,887.93
17709,170,5,671.01,2,2,2,222,At Risk,671.01
17710,424,1,293.5,1,1,1,111,Lost,293.5
17711,11,2,385.1,4,1,2,412,Needs Attention,385.1
17712,45,1,522.91,3,1,2,312,Needs Attention,522.91
17713,383,4,1198.09,1,2,3,123,At Risk,1198.09
17714,321,5,1410.18,2,2,3,223,At Risk,1410.18
17715,201,2,489.6,2,1,2,212,Needs Attention,489.6
17716,23,24,15956.97,4,3,4,434,Champions,15956.97
17717,422,1,376.92,1,1,2,112,Needs Attention,376.92
17718,233,2,439.18,2,1,2,212,Needs Attention,439.18
17719,38,15,5396.04,3,3,4,334,Loyal,5396.04
17720,27,10,2768.91,3,3,4,334,Loyal,2768.91
17721,660,1,307.21,1,1,1,111,Lost,307.21
17722,97,5,4430.36,2,2,4,224,At Risk,4430.36
17723,128,7,3378.4,2,3,4,234,At Risk,3378.4
17724,72,3,1033.0,3,2,3,323,Loyal,1033.0
17725,17,11,3439.08,4,3,4,434,Champions,3439.08
17726,396,7,1092.06,1,3,3,133,At Risk,1092.06
17727,16,1,1060.25,4,1,3,413,Loyal,1060.25
17728,4,5,4238.76,4,2,4,424,Champions,4238.76
17729,597,1,438.65,1,1,2,112,Needs Attention,438.65
17730,4,20,7773.8,4,3,4,434,Champions,7773.8
17731,80,6,1708.99,3,3,3,333,Loyal,1708.99
17732,373,8,2470.39,2,3,4,234,At Risk,2470.39
17733,39,2,692.19,3,1,2,312,Needs Attention,692.19
17734,54,6,1442.32,3,3,3,333,Loyal,1442.32
17735,3,26,17244.93,4,3,4,434,Champions,17244.93
17736,10,3,377.44,4,2,2,422,Needs Attention,377.44
17737,10,2,168.24,4,1,1,411,Needs Attention,168.24
17738,20,13,4183.56,4,3,4,434,Champions,4183.56
17739,12,18,7730.59,4,3,4,434,Champions,7730.59
17740,390,6,426.9,1,3,2,132,At Risk,426.9
17741,407,2,101.1,1,1,1,111,Lost,101.1
17742,114,11,2098.48,2,3,3,233,At Risk,2098.48
17743,449,1,229.2,1,1,1,111,Lost,229.2
17744,4,7,2649.14,4,3,4,434,Champions,2649.14
17745,478,2,600.34,1,1,2,112,Needs Attention,600.34
17746,241,4,904.18,2,2,3,223,At Risk,904.18
17747,113,1,71.4,2,1,1,211,Lost,71.4
17748,528,1,358.15,1,1,2,112,Needs Attention,358.15
17749,179,3,1026.18,2,2,3,223,At Risk,1026.18
17750,6,9,1797.57,4,3,3,433,Champions,1797.57
17751,422,1,157.86,1,1,1,111,Lost,157.86
17752,360,1,80.64,2,1,1,211,Lost,80.64
17753,465,4,390.56,1,2,2,122,At Risk,390.56
17754,1,13,4577.53,4,3,4,434,Champions,4577.53
17756,376,3,733.7,2,2,2,222,At Risk,733.7
17757,2,56,9422.45,4,3,4,434,Champions,9422.45
17758,20,12,5012.53,4,3,4,434,Champions,5012.53
17759,18,5,1276.91,4,2,3,423,Champions,1276.91
17760,22,6,918.93,4,3,3,433,Champions,918.93
17761,33,1,712.78,3,1,2,312,Needs Attention,712.78
17762,457,1,129.75,1,1,1,111,Lost,129.75
17763,264,4,86.15,2,2,1,221,Needs Attention,86.15
17764,51,5,1623.64,3,2,3,323,Loyal,1623.64
17765,159,4,530.8,2,2,2,222,At Risk,530.8
17766,382,2,299.61,1,1,1,111,Lost,299.61
17767,16,2,413.05,4,1,2,412,Needs Attention,413.05
17768,9,7,3509.51,4,3,4,434,Champions,3509.51
17769,13,17,7103.08,4,3,4,434,Champions,7103.08
17770,199,5,1143.27,2,2,3,223,At Risk,1143.27
17771,57,4,387.41,3,2,2,322,Needs Attention,387.41
17772,11,3,384.77,4,2,2,422,Needs Attention,384.77
17773,515,2,585.27,1,1,2,112,Needs Attention,585.27
17774,97,9,3328.05,2,3,4,234,At Risk,3328.05
17775,255,1,56.4,2,1,1,211,Lost,56.4
17776,387,2,338.56,1,1,1,111,Lost,338.56
17777,25,3,665.86,4,2,2,422,Needs Attention,665.86
17778,662,1,197.7,1,1,1,111,Lost,197.7
17779,22,3,658.57,4,2,2,422,Needs Attention,658.57
17780,668,3,352.91,1,2,2,122,At Risk,352.91
17781,160,2,188.02,2,1,1,211,Lost,188.02
17782,383,2,679.02,1,1,2,112,Needs Attention,679.02
17783,73,3,379.91,3,2,2,322,Needs Attention,379.91
17784,551,1,112.86,1,1,1,111,Lost,112.86
17785,54,3,403.38,3,2,2,322,Needs Attention,403.38
17786,86,2,278.74,3,1,1,311,Needs Attention,278.74
17787,153,4,2601.47,2,2,4,224,At Risk,2601.47
17788,74,2,1117.9,3,1,3,313,Loyal,1117.9
17789,282,2,397.15,2,1,2,212,Needs Attention,397.15
17790,27,20,2783.61,3,3,4,334,Loyal,2783.61
17791,30,1,106.1,3,1,1,311,Needs Attention,106.1
17792,468,2,370.05,1,1,2,112,Needs Attention,370.05
17793,26,1,323.04,4,1,1,411,Needs Attention,323.04
17794,687,2,147.3,1,1,1,111,Lost,147.3
17795,180,2,350.39,2,1,2,212,Needs Attention,350.39
17796,41,7,1361.99,3,3,3,333,Loyal,1361.99
17797,23,8,1985.87,4,3,3,433,Champions,1985.87
17798,582,1,183.09,1,1,1,111,Lost,183.09
17799,23,20,6341.89,4,3,4,434,Champions,6341.89
17800,38,9,1199.01,3,3,3,333,Loyal,1199.01
17801,452,3,798.33,1,2,2,122,At Risk,798.33
17802,83,10,5053.12,3,3,4,334,Loyal,5053.12
17803,393,1,184.66,1,1,1,111,Lost,184.66
17804,377,3,385.23,2,2,2,222,At Risk,385.23
17805,74,2,927.03,3,1,3,313,Loyal,927.03
17806,12,1,546.04,4,1,2,412,Needs Attention,546.04
17807,396,3,437.87,1,2,2,122,At Risk,437.87
17808,549,4,262.64,1,2,1,121,Needs Attention,262.64
17809,17,20,11337.39,4,3,4,434,Champions,11337.39
17810,669,2,374.81,1,1,2,112,Needs Attention,374.81
17811,5,47,9609.8,4,3,4,434,Champions,9609.8
17812,13,7,1165.89,4,3,3,433,Champions,1165.89
17813,15,5,1770.88,4,2,3,423,Champions,1770.88
17814,376,2,1617.32,2,1,3,213,Needs Attention,1617.32
17815,394,1,591.96,1,1,2,112,Needs Attention,591.96
17816,37,6,112.32,3,3,1,331,Needs Attention,112.32
17817,5,6,807.85,4,3,2,432,Needs Attention,807.85
17818,738,1,130.18,1,1,1,111,Lost,130.18
17819,72,12,6612.52,3,3,4,334,Loyal,6612.52
17820,375,1,183.56,2,1,1,211,Lost,183.56
17821,407,1,334.62,1,1,1,111,Lost,334.62
17822,421,5,2188.5,1,2,3,123,At Risk,2188.5
17823,422,2,494.25,1,1,2,112,Needs Attention,494.25
17824,52,1,298.4,3,1,1,311,Needs Attention,298.4
17825,599,4,731.96,1,2,2,122,At Risk,731.96
17826,375,1,134.59,2,1,1,211,Lost,134.59
17827,6,6,2388.05,4,3,4,434,Champions,2388.05
17828,23,4,1820.09,4,2,3,423,Champions,1820.09
17829,299,5,4756.74,2,2,4,224,At Risk,4756.74
17830,2,3,398.7,4,2,2,422,Needs Attention,398.7
17831,34,1,35.4,3,1,1,311,Needs Attention,35.4
17832,50,1,155.37,3,1,1,311,Needs Attention,155.37
17833,724,1,342.36,1,1,1,111,Lost,342.36
17834,415,2,730.47,1,1,2,112,Needs Attention,730.47
17835,3,3,350.64,4,2,2,422,Needs Attention,350.64
17836,48,1,110.21,3,1,1,311,Needs Attention,110.21
17837,43,8,1593.38,3,3,3,333,Loyal,1593.38
17838,27,13,6722.9,3,3,4,334,Loyal,6722.9
17839,43,1,338.8,3,1,1,311,Needs Attention,338.8
17840,444,1,185.72,1,1,1,111,Lost,185.72
17841,2,211,70884.07,4,3,4,434,Champions,70884.07
17842,603,1,430.69,1,1,2,112,Needs Attention,430.69
17843,304,2,326.23,2,1,1,211,Lost,326.23
17844,107,1,51.56,2,1,1,211,Lost,51.56
17845,556,4,598.19,1,2,2,122,At Risk,598.19
17846,86,1,2033.1,3,1,3,313,Loyal,2033.1
17847,516,2,129.69,1,1,1,111,Lost,129.69
17848,82,30,3650.9,3,3,4,334,Loyal,3650.9
17849,219,8,1063.76,2,3,3,233,At Risk,1063.76
17850,373,155,56600.08,2,3,4,234,At Risk,56600.08
17851,423,6,1563.34,1,3,3,133,At Risk,1563.34
17852,12,5,663.21,4,2,2,422,Needs Attention,663.21
17853,408,3,1608.19,1,2,3,123,At Risk,1608.19
17854,186,6,1071.45,2,3,3,233,At Risk,1071.45
17855,373,1,417.94,2,1,2,212,Needs Attention,417.94
17856,2,4,1418.03,4,2,3,423,Champions,1418.03
17857,5,24,28682.24,4,3,4,434,Champions,28682.24
17858,6,30,12797.65,4,3,4,434,Champions,12797.65
17859,305,1,148.21,2,1,1,211,Lost,148.21
17860,369,4,1015.54,2,2,3,223,At Risk,1015.54
17861,4,18,5127.69,4,3,4,434,Champions,5127.69
17862,324,4,1279.09,2,2,3,223,At Risk,1279.09
17863,60,12,5745.2,3,3,4,334,Loyal,5745.2
17864,13,5,924.32,4,2,3,423,Champions,924.32
17865,31,46,26374.39,3,3,4,334,Loyal,26374.39
17866,143,3,1134.95,2,2,3,223,At Risk,1134.95
17867,31,15,1621.28,3,3,3,333,Loyal,1621.28
17868,387,1,234.65,1,1,1,111,Lost,234.65
17869,108,7,1036.16,2,3,3,233,At Risk,1036.16
17870,3,13,3108.15,4,3,4,434,Champions,3108.15
17871,205,5,1118.99,2,2,3,223,At Risk,1118.99
17872,382,1,235.87,1,1,1,111,Lost,235.87
17873,81,18,6515.88,3,3,4,334,Loyal,6515.88
17874,186,6,683.46,2,3,2,232,At Risk,683.46
17875,689,1,167.1,1,1,1,111,Lost,167.1
17876,400,3,3424.02,1,2,4,124,At Risk,3424.02
17877,171,1,237.61,2,1,1,211,Lost,237.61
17878,44,3,1412.33,3,2,3,323,Loyal,1412.33
17879,174,1,178.52,2,1,1,211,Lost,178.52
17880,365,3,824.92,2,2,2,222,At Risk,824.92
17881,305,1,133.35,2,1,1,211,Lost,133.35
17882,380,2,313.46,2,1,1,211,Lost,313.46
17883,4,7,995.85,4,3,3,433,Champions,995.85
17884,4,20,3072.89,4,3,4,434,Champions,3072.89
17885,13,1,190.19,4,1,1,411,Needs Attention,190.19
17886,32,6,1608.38,3,3,3,333,Loyal,1608.38
17887,130,1,111.35,2,1,1,211,Lost,111.35
17888,22,25,1820.44,4,3,3,433,Champions,1820.44
17889,213,7,774.87,2,3,2,232,At Risk,774.87
17890,323,2,602.09,2,1,2,212,Needs Attention,602.09
17891,163,1,203.86,2,1,1,211,Lost,203.86
17892,57,3,244.1,3,2,1,321,Needs Attention,244.1
17893,226,1,112.25,2,1,1,211,Lost,112.25
17894,72,18,2453.38,3,3,4,334,Loyal,2453.38
17895,45,1,98.0,3,1,1,311,Needs Attention,98.0
17896,24,1,256.32,4,1,1,411,Needs Attention,256.32
17897,173,9,2585.0,2,3,4,234,At Risk,2585.0
17898,86,4,299.18,3,2,1,321,Needs Attention,299.18
17899,160,1,155.8,2,1,1,211,Lost,155.8
17900,191,2,112.2,2,1,1,211,Lost,112.2
17901,30,3,260.08,3,2,1,321,Needs Attention,260.08
17902,547,1,216.4,1,1,1,111,Lost,216.4
17903,395,1,381.09,1,1,2,112,Needs Attention,381.09
17904,22,1,191.67,4,1,1,411,Needs Attention,191.67
17905,72,13,2383.52,3,3,4,334,Loyal,2383.52
17906,248,1,72.9,2,1,1,211,Lost,72.9
17907,641,1,291.76,1,1,1,111,Lost,291.76
17908,374,5,1411.54,2,2,3,223,At Risk,1411.54
17909,738,1,132.55,1,1,1,111,Lost,132.55
17910,727,1,261.7,1,1,1,111,Lost,261.7
17911,10,1,366.23,4,1,2,412,Needs Attention,366.23
17912,311,6,375.5,2,3,2,232,At Risk,375.5
17913,59,14,3479.64,3,3,4,334,Loyal,3479.64
17914,4,1,336.43,4,1,1,411,Needs Attention,336.43
17915,552,1,242.13,1,1,1,111,Lost,242.13
17916,629,2,43.87,1,1,1,111,Lost,43.87
17917,46,3,341.28,3,2,1,321,Needs Attention,341.28
17918,501,3,396.39,1,2,2,122,At Risk,396.39
17919,89,2,1840.32,3,1,3,313,Loyal,1840.32
17920,5,54,24516.46,4,3,4,434,Champions,24516.46
17921,65,10,2423.5,3,3,4,334,Loyal,2423.5
17922,544,1,170.4,1,1,1,111,Lost,170.4
17923,283,3,497.0,2,2,2,222,At Risk,497.0
17924,12,8,3536.7,4,3,4,434,Champions,3536.7
17925,373,1,488.16,2,1,2,212,Needs Attention,488.16
17926,134,5,1035.49,2,2,3,223,At Risk,1035.49
17927,722,1,294.0,1,1,1,111,Lost,294.0
17928,46,3,341.24,3,2,1,321,Needs Attention,341.24
17929,12,12,3082.1,4,3,4,434,Champions,3082.1
17930,36,13,4275.22,3,3,4,334,Loyal,4275.22
17931,135,14,3437.29,2,3,4,234,At Risk,3437.29
17932,30,3,1331.57,3,2,3,323,Loyal,1331.57
17933,633,1,114.69,1,1,1,111,Lost,114.69
17934,52,3,1049.15,3,2,3,323,Loyal,1049.15
17935,139,7,686.14,2,3,2,232,At Risk,686.14
17936,6,1,389.84,4,1,2,412,Needs Attention,389.84
17937,9,7,4301.22,4,3,4,434,Champions,4301.22
17938,421,1,144.29,1,1,1,111,Lost,144.29
17939,160,1,99.14,2,1,1,211,Lost,99.14
17940,50,16,30393.19,3,3,4,334,Loyal,30393.19
17941,131,4,1433.28,2,2,3,223,At Risk,1433.28
17942,8,1,77.5,4,1,1,411,Needs Attention,77.5
17944,424,1,75.41,1,1,1,111,Lost,75.41
17945,697,3,360.35,1,2,2,122,At Risk,360.35
17946,234,2,149.58,2,1,1,211,Lost,149.58
17947,38,1,176.68,3,1,1,311,Needs Attention,176.68
17948,148,1,358.56,2,1,2,212,Needs Attention,358.56
17949,2,118,118628.08,4,3,4,434,Champions,118628.08
17950,73,7,1432.81,3,3,3,333,Loyal,1432.81
17951,40,4,1636.08,3,2,3,323,Loyal,1636.08
17952,379,4,819.61,2,2,2,222,At Risk,819.61
17953,541,1,160.82,1,1,1,111,Lost,160.82
17954,6,19,3966.05,4,3,4,434,Champions,3966.05
17955,199,6,949.9,2,3,3,233,At Risk,949.9
17956,250,1,12.75,2,1,1,211,Lost,12.75
17957,67,1,111.68,3,1,1,311,Needs Attention,111.68
17958,117,2,973.88,2,1,3,213,Needs Attention,973.88
17959,593,1,140.75,1,1,1,111,Lost,140.75
17960,172,3,135.08,2,2,1,221,Needs Attention,135.08
17961,22,100,2995.54,4,3,4,434,Champions,2995.54
17962,143,4,687.42,2,2,2,222,At Risk,687.42
17963,472,4,651.51,1,2,2,122,At Risk,651.51
17964,32,2,733.46,3,1,2,312,Needs Attention,733.46
17965,38,29,7240.98,3,3,4,334,Loyal,7240.98
17966,38,10,1974.42,3,3,3,333,Loyal,1974.42
17967,372,2,357.29,2,1,2,212,Needs Attention,357.29
17968,374,4,888.04,2,2,2,222,At Risk,888.04
17969,167,20,2369.94,2,3,4,234,At Risk,2369.94
17970,212,1,582.59,2,1,2,212,Needs Attention,582.59
17971,549,1,161.94,1,1,1,111,Lost,161.94
17972,242,1,136.04,2,1,1,211,Lost,136.04
17973,52,1,337.04,3,1,1,311,Needs Attention,337.04
17974,25,6,1858.06,4,3,3,433,Champions,1858.06
17975,16,24,7028.83,4,3,4,434,Champions,7028.83
17976,373,1,706.38,2,1,2,212,Needs Attention,706.38
17977,30,2,1565.63,3,1,3,313,Loyal,1565.63
17978,366,4,1461.76,2,2,3,223,At Risk,1461.76
17979,36,4,757.71,3,2,2,322,Needs Attention,757.71
17980,166,4,1033.42,2,2,3,223,At Risk,1033.42
17981,411,1,239.12,1,1,1,111,Lost,239.12
17982,681,1,138.18,1,1,1,111,Lost,138.18
17983,396,1,171.71,1,1,1,111,Lost,171.71
17984,146,5,1191.27,2,2,3,223,At Risk,1191.27
17985,23,1,634.95,4,1,2,412,Needs Attention,634.95
17986,57,1,20.8,3,1,1,311,Needs Attention,20.8
17987,186,5,1003.64,2,2,3,223,At Risk,1003.64
17988,12,14,489.54,4,3,2,432,Needs Attention,489.54
17989,380,1,228.83,2,1,1,211,Lost,228.83
17990,237,6,1527.61,2,3,3,233,At Risk,1527.61
17991,226,3,320.55,2,2,1,221,Needs Attention,320.55
17992,390,1,254.13,1,1,1,111,Lost,254.13
17993,618,1,235.19,1,1,1,111,Lost,235.19
17994,122,11,2313.32,2,3,4,234,At Risk,2313.32
17995,282,3,495.48,2,2,2,222,At Risk,495.48
17996,380,3,482.33,2,2,2,222,At Risk,482.33
17997,75,8,1970.67,3,3,3,333,Loyal,1970.67
17998,381,3,639.24,1,2,2,122,At Risk,639.24
17999,38,3,730.9,3,2,2,322,Needs Attention,730.9
18000,565,1,124.25,1,1,1,111,Lost,124.25
18001,13,6,953.84,4,3,3,433,Champions,953.84
18002,376,4,249.92,2,2,1,221,Needs Attention,249.92
18003,377,1,358.61,2,1,2,212,Needs Attention,358.61
18004,363,1,169.47,2,1,1,211,Lost,169.47
18005,4,2,249.72,4,1,1,411,Needs Attention,249.72
18006,24,4,997.86,4,2,3,423,Champions,997.86
18007,393,1,220.32,1,1,1,111,Lost,220.32
18008,71,23,19787.13,3,3,4,334,Loyal,19787.13
18009,236,8,2155.83,2,3,3,233,At Risk,2155.83
18010,257,1,174.8,2,1,1,211,Lost,174.8
18011,374,2,527.03,2,1,2,212,Needs Attention,527.03
18012,724,1,115.3,1,1,1,111,Lost,115.3
18013,156,2,187.29,2,1,1,211,Lost,187.29
18014,29,1,166.42,3,1,1,311,Needs Attention,166.42
18015,5,1,120.03,4,1,1,411,Needs Attention,120.03
18016,33,7,1960.46,3,3,3,333,Loyal,1960.46
18017,82,4,688.0,3,2,2,322,Needs Attention,688.0
18018,109,4,297.99,2,2,1,221,Needs Attention,297.99
18019,52,1,38.45,3,1,1,311,Needs Attention,38.45
18020,544,1,190.48,1,1,1,111,Lost,190.48
18021,510,2,227.06,1,1,1,111,Lost,227.06
18022,36,5,1651.79,3,2,3,323,Loyal,1651.79
18024,153,2,389.78,2,1,2,212,Needs Attention,389.78
18025,380,6,1177.72,2,3,3,233,At Risk,1177.72
18026,501,2,2074.07,1,1,3,113,Needs Attention,2074.07
18027,99,1,115.31,2,1,1,211,Lost,115.31
18028,584,1,192.05,1,1,1,111,Lost,192.05
18029,643,1,433.77,1,1,2,112,Needs Attention,433.77
18030,5,2,230.65,4,1,1,411,Needs Attention,230.65
18031,379,1,462.1,2,1,2,212,Needs Attention,462.1
18032,335,1,73.5,2,1,1,211,Lost,73.5
18033,66,1,97.97,3,1,1,311,Needs Attention,97.97
18034,22,3,793.7,4,2,2,422,Needs Attention,793.7
18035,36,5,1276.74,3,2,3,323,Loyal,1276.74
18036,33,11,1563.64,3,3,3,333,Loyal,1563.64
18037,155,15,167.42,2,3,1,231,Needs Attention,167.42
18038,557,1,149.41,1,1,1,111,Lost,149.41
18039,375,4,579.17,2,2,2,222,At Risk,579.17
18040,20,2,357.2,4,1,2,412,Needs Attention,357.2
18041,12,38,8752.38,4,3,4,434,Champions,8752.38
18042,54,2,281.15,3,1,1,311,Needs Attention,281.15
18043,25,3,875.97,4,2,2,422,Needs Attention,875.97
18044,5,18,3505.61,4,3,4,434,Champions,3505.61
18045,46,1,189.4,3,1,1,311,Needs Attention,189.4
18046,650,1,189.63,1,1,1,111,Lost,189.63
18047,382,2,342.69,1,1,1,111,Lost,342.69
18048,204,3,401.73,2,2,2,222,At Risk,401.73
18049,438,2,556.52,1,1,2,112,Needs Attention,556.52
18050,360,2,412.06,2,1,2,212,Needs Attention,412.06
18051,635,7,2282.28,1,3,3,133,At Risk,2282.28
18052,565,1,10877.18,1,1,4,114,Needs Attention,10877.18
18053,71,3,571.07,3,2,2,322,Needs Attention,571.07
18054,393,1,176.5,1,1,1,111,Lost,176.5
18055,8,14,11195.57,4,3,4,434,Champions,11195.57
18056,289,2,554.6,2,1,2,212,Needs Attention,554.6
18057,394,3,1203.56,1,2,3,123,At Risk,1203.56
18058,10,3,774.06,4,2,2,422,Needs Attention,774.06
18059,24,3,306.46,4,2,1,421,Needs Attention,306.46
18060,409,2,1185.46,1,1,3,113,Needs Attention,1185.46
18061,22,28,6488.97,4,3,4,434,Champions,6488.97
18062,174,6,1632.67,2,3,3,233,At Risk,1632.67
18063,391,2,186.6,1,1,1,111,Lost,186.6
18064,134,11,4495.03,2,3,4,234,At Risk,4495.03
18065,6,29,5866.63,4,3,4,434,Champions,5866.63
18066,76,3,1440.4,3,2,3,323,Loyal,1440.4
18067,41,1,396.33,3,1,2,312,Needs Attention,396.33
18068,290,1,101.7,2,1,1,211,Lost,101.7
18069,27,11,4540.56,3,3,4,334,Loyal,4540.56
18070,670,1,314.1,1,1,1,111,Lost,314.1
18071,258,6,1428.63,2,3,3,233,At Risk,1428.63
18072,186,1,247.44,2,1,1,211,Lost,247.44
18073,115,12,3877.52,2,3,4,234,At Risk,3877.52
18074,374,2,1509.04,2,1,3,213,Needs Attention,1509.04
18075,24,20,5783.29,4,3,4,434,Champions,5783.29
18076,381,1,151.49,1,1,1,111,Lost,151.49
18077,9,18,4338.56,4,3,4,434,Champions,4338.56
18078,218,4,844.6,2,2,2,222,At Risk,844.6
18079,46,5,4242.75,3,2,4,324,Loyal,4242.75
18080,19,2,1231.5,4,1,3,413,Loyal,1231.5
18081,37,3,343.45,3,2,1,321,Needs Attention,343.45
18082,26,1,703.37,4,1,2,412,Needs Attention,703.37
18083,398,1,470.73,1,1,2,112,Needs Attention,470.73
18084,17,3,812.93,4,2,2,422,Needs Attention,812.93
18085,331,4,1645.75,2,2,3,223,At Risk,1645.75
18086,275,1,101.34,2,1,1,211,Lost,101.34
18087,99,17,14761.52,2,3,4,234,At Risk,14761.52
18088,62,1,167.67,3,1,1,311,Needs Attention,167.67
18089,447,1,428.45,1,1,2,112,Needs Attention,428.45
18090,422,1,349.4,1,1,2,112,Needs Attention,349.4
18091,594,1,360.85,1,1,2,112,Needs Attention,360.85
18092,3,18,16179.44,4,3,4,434,Champions,16179.44
18093,94,8,4452.71,3,3,4,334,Loyal,4452.71
18094,82,13,6391.52,3,3,4,334,Loyal,6391.52
18095,313,5,2303.09,2,2,3,223,At Risk,2303.09
18096,12,6,1805.28,4,3,3,433,Champions,1805.28
18097,8,11,4663.32,4,3,4,434,Champions,4663.32
18098,397,1,550.84,1,1,2,112,Needs Attention,550.84
18099,128,1,168.31,2,1,1,211,Lost,168.31
18100,551,1,451.56,1,1,2,112,Needs Attention,451.56
18101,12,5,629.16,4,2,2,422,Needs Attention,629.16
18102,1,145,608821.65,4,3,4,434,Champions,608821.65
18103,550,1,105.8,1,1,1,111,Lost,105.8
18104,38,1,754.64,3,1,2,312,Needs Attention,754.64
18105,38,1,113.48,3,1,1,311,Needs Attention,113.48
18106,330,6,1461.46,2,3,3,233,At Risk,1461.46
18107,443,1,167.13,1,1,1,111,Lost,167.13
18108,255,3,848.81,2,2,2,222,At Risk,848.81
18109,2,38,9893.96,4,3,4,434,Champions,9893.96
18110,20,2,435.43,4,1,2,412,Needs Attention,435.43
18111,590,1,405.85,1,1,2,112,Needs Attention,405.85
18112,13,4,775.96,4,2,2,422,Needs Attention,775.96
18113,369,1,152.64,2,1,1,211,Lost,152.64
18114,291,1,220.1,2,1,1,211,Lost,220.1
18115,698,1,9.7,1,1,1,111,Lost,9.7
18116,68,13,2154.3,3,3,3,333,Loyal,2154.3
18117,26,1,320.72,4,1,1,411,Needs Attention,320.72
18118,11,29,6733.22,4,3,4,434,Champions,6733.22
18119,368,1,362.24,2,1,2,212,Needs Attention,362.24
18120,215,1,111.15,2,1,1,211,Lost,111.15
18121,150,2,673.1,2,1,2,212,Needs Attention,673.1
18122,9,6,1826.21,4,3,3,433,Champions,1826.21
18123,25,3,684.59,4,2,2,422,Needs Attention,684.59
18124,473,1,111.53,1,1,1,111,Lost,111.53
18125,30,4,1142.99,3,2,3,323,Loyal,1142.99
18126,61,1,206.83,3,1,1,311,Needs Attention,206.83
18127,20,4,561.53,4,2,2,422,Needs Attention,561.53
18128,538,1,420.04,1,1,2,112,Needs Attention,420.04
18129,244,1,112.55,2,1,1,211,Lost,112.55
18130,16,3,1059.39,4,2,3,423,Champions,1059.39
18131,632,1,222.96,1,1,1,111,Lost,222.96
18132,505,1,226.9,1,1,1,111,Lost,226.9
18133,213,1,931.5,2,1,3,213,Needs Attention,931.5
18134,599,2,445.0,1,1,2,112,Needs Attention,445.0
18135,30,10,1249.62,3,3,3,333,Loyal,1249.62
18136,64,5,1631.36,3,2,3,323,Loyal,1631.36
18137,552,2,145.99,1,1,1,111,Lost,145.99
18138,296,1,152.65,2,1,1,211,Lost,152.65
18139,18,6,8438.34,4,3,4,434,Champions,8438.34
18140,474,1,536.41,1,1,2,112,Needs Attention,536.41
18141,402,2,882.47,1,1,2,112,Needs Attention,882.47
18142,158,2,1019.52,2,1,3,213,Needs Attention,1019.52
18143,117,2,1000.16,2,1,3,213,Needs Attention,1000.16
18144,8,19,5058.0,4,3,4,434,Champions,5058.0
18145,13,11,5617.79,4,3,4,434,Champions,5617.79
18146,141,2,160.35,2,1,1,211,Lost,160.35
18147,46,2,179.34,3,1,1,311,Needs Attention,179.34
18148,647,1,114.1,1,1,1,111,Lost,114.1
18149,51,7,1624.71,3,3,3,333,Loyal,1624.71
18150,33,3,566.58,3,2,2,322,Needs Attention,566.58
18151,135,6,1879.44,2,3,3,233,At Risk,1879.44
18152,647,1,426.69,1,1,2,112,Needs Attention,426.69
18153,660,1,246.22,1,1,1,111,Lost,246.22
18154,4,5,932.6,4,2,3,423,Champions,932.6
18155,76,3,371.62,3,2,2,322,Needs Attention,371.62
18156,13,2,941.17,4,1,3,413,Loyal,941.17
18157,572,1,215.35,1,1,1,111,Lost,215.35
18158,10,2,453.4,4,1,2,412,Needs Attention,453.4
18159,302,1,530.15,2,1,2,212,Needs Attention,530.15
18160,58,3,1003.88,3,2,3,323,Loyal,1003.88
18161,16,6,1803.1,4,3,3,433,Champions,1803.1
18162,733,1,379.16,1,1,2,112,Needs Attention,379.16
18163,585,1,728.84,1,1,2,112,Needs Attention,728.84
18164,38,1,399.65,3,1,2,312,Needs Attention,399.65
18165,178,1,302.46,2,1,1,211,Lost,302.46
18166,624,1,175.5,1,1,1,111,Lost,175.5
18167,24,3,1384.86,4,2,3,423,Champions,1384.86
18168,177,16,3770.27,2,3,4,234,At Risk,3770.27
18169,61,1,202.65,3,1,1,311,Needs Attention,202.65
18170,34,9,2878.0,3,3,4,334,Loyal,2878.0
18171,59,9,2437.31,3,3,4,334,Loyal,2437.31
18172,15,52,17479.84,4,3,4,434,Champions,17479.84
18173,87,5,2696.36,3,2,4,324,Loyal,2696.36
18174,8,2,162.5,4,1,1,411,Needs Attention,162.5
18175,676,1,176.1,1,1,1,111,Lost,176.1
18176,359,1,476.35,2,1,2,212,Needs Attention,476.35
18177,32,9,2216.87,3,3,3,333,Loyal,2216.87
18178,129,11,6103.74,2,3,4,234,At Risk,6103.74
18179,10,8,2547.55,4,3,4,434,Champions,2547.55
18180,5,6,1843.75,4,3,3,433,Champions,1843.75
18181,25,5,1205.94,4,2,3,423,Champions,1205.94
18182,464,1,291.13,1,1,1,111,Lost,291.13
18183,228,2,632.07,2,1,2,212,Needs Attention,632.07
18184,16,1,49.8,4,1,1,411,Needs Attention,49.8
18185,250,1,304.25,2,1,1,211,Lost,304.25
18186,723,1,329.58,1,1,1,111,Lost,329.58
18187,632,1,724.89,1,1,2,112,Needs Attention,724.89
18188,16,6,3280.59,4,3,4,434,Champions,3280.59
18189,78,3,1403.73,3,2,3,323,Loyal,1403.73
18190,193,5,745.62,2,2,2,222,At Risk,745.62
18191,262,2,529.4,2,1,2,212,Needs Attention,529.4
18192,72,1,957.97,3,1,3,313,Loyal,957.97
18193,166,3,1207.35,2,2,3,223,At Risk,1207.35
18194,83,6,4162.04,3,3,4,334,Loyal,4162.04
18195,388,1,101.16,1,1,1,111,Lost,101.16
18196,96,4,1464.31,3,2,3,323,Loyal,1464.31
18197,576,1,230.1,1,1,1,111,Lost,230.1
18198,5,17,5425.56,4,3,4,434,Champions,5425.56
18199,684,1,344.75,1,1,1,111,Lost,344.75
18200,107,1,163.8,2,1,1,211,Lost,163.8
18201,723,1,447.53,1,1,2,112,Needs Attention,447.53
18202,200,3,1396.99,2,2,3,223,At Risk,1396.99
18203,158,4,504.42,2,2,2,222,At Risk,504.42
18204,72,3,1993.7,3,2,3,323,Loyal,1993.7
18205,37,2,517.36,3,1,2,312,Needs Attention,517.36
18206,554,1,314.66,1,1,1,111,Lost,314.66
18207,500,1,544.47,1,1,2,112,Needs Attention,544.47
18208,566,1,360.08,1,1,2,112,Needs Attention,360.08
18209,29,1,139.1,3,1,1,311,Needs Attention,139.1
18210,2,7,2768.83,4,3,4,434,Champions,2768.83
18211,26,5,600.07,4,2,2,422,Needs Attention,600.07
18212,327,2,546.72,2,1,2,212,Needs Attention,546.72
18213,237,1,232.48,2,1,1,211,Lost,232.48
18214,531,4,1780.34,1,2,3,123,At Risk,1780.34
18215,90,5,2247.49,3,2,3,323,Loyal,2247.49
18216,32,1,481.75,3,1,2,312,Needs Attention,481.75
18217,30,4,945.04,3,2,3,323,Loyal,945.04
18218,212,4,1142.0,2,2,3,223,At Risk,1142.0
18219,3,17,3562.89,4,3,4,434,Champions,3562.89
18220,227,6,1921.76,2,3,3,233,At Risk,1921.76
18221,23,6,1424.94,4,3,3,433,Champions,1424.94
18222,93,1,443.0,3,1,2,312,Needs Attention,443.0
18223,5,26,14000.85,4,3,4,434,Champions,14000.85
18224,264,1,158.95,2,1,1,211,Lost,158.95
18225,4,26,13054.26,4,3,4,434,Champions,13054.26
18226,45,26,11878.88,3,3,4,334,Loyal,11878.88
18227,218,2,388.75,2,1,2,212,Needs Attention,388.75
18228,57,2,779.9,3,1,2,312,Needs Attention,779.9
18229,12,28,10803.71,4,3,4,434,Champions,10803.71
18230,10,9,4291.06,4,3,4,434,Champions,4291.06
18231,193,28,6880.97,2,3,4,234,At Risk,6880.97
18232,82,4,592.97,3,2,2,322,Needs Attention,592.97
18233,326,1,440.0,2,1,2,212,Needs Attention,440.0
18234,552,1,179.6,1,1,1,111,Lost,179.6
18235,72,3,1796.48,3,2,3,323,Loyal,1796.48
18236,30,12,1795.35,3,3,3,333,Loyal,1795.35
18237,3,5,987.1,4,2,3,423,Champions,987.1
18238,516,1,270.92,1,1,1,111,Lost,270.92
18239,219,6,2150.36,2,3,3,233,At Risk,2150.36
18240,47,1,422.58,3,1,2,312,Needs Attention,422.58
18241,10,21,2986.99,4,3,4,434,Champions,2986.99
18242,73,8,3605.21,3,3,4,334,Loyal,3605.21
18243,415,1,515.78,1,1,2,112,Needs Attention,515.78
18244,431,2,568.64,1,1,2,112,Needs Attention,568.64
18245,8,20,6324.98,4,3,4,434,Champions,6324.98
18246,24,3,758.82,4,2,2,422,Needs Attention,758.82
18247,415,3,839.73,1,2,2,122,At Risk,839.73
18248,123,2,804.02,2,1,2,212,Needs Attention,804.02
18249,18,1,95.34,4,1,1,411,Needs Attention,95.34
18250,311,1,349.27,2,1,2,212,Needs Attention,349.27
18251,88,9,26278.86,3,3,4,334,Loyal,26278.86
18252,51,7,1542.09,3,3,3,333,Loyal,1542.09
18253,643,1,317.88,1,1,1,111,Lost,317.88
18254,582,1,267.9,1,1,1,111,Lost,267.9
18255,90,2,303.15,3,1,1,311,Needs Attention,303.15
18256,388,1,110.7,1,1,1,111,Lost,110.7
18257,40,12,4600.15,3,3,4,334,Loyal,4600.15
18258,465,6,2059.67,1,3,3,133,At Risk,2059.67
18259,25,7,4318.2,4,3,4,434,Champions,4318.2
18260,173,23,9962.11,2,3,4,234,At Risk,9962.11
18261,44,2,324.24,3,1,1,311,Needs Attention,324.24
18262,141,3,577.54,2,2,2,222,At Risk,577.54
18263,26,3,1213.16,4,2,3,423,Champions,1213.16
18264,499,1,603.25,1,1,2,112,Needs Attention,603.25
18265,73,2,801.51,3,1,2,312,Needs Attention,801.51
18266,435,1,251.1,1,1,1,111,Lost,251.1
18267,673,1,269.37,1,1,1,111,Lost,269.37
18268,135,6,1490.23,2,3,3,233,At Risk,1490.23
18269,367,1,337.2,2,1,1,211,Lost,337.2
18270,39,3,444.55,3,2,2,322,Needs Attention,444.55
18271,610,2,680.85,1,1,2,112,Needs Attention,680.85
18272,3,9,4385.98,4,3,4,434,Champions,4385.98
18273,3,4,357.0,4,2,2,422,Needs Attention,357.0
18274,31,1,175.92,3,1,1,311,Needs Attention,175.92
18275,579,2,741.85,1,1,2,112,Needs Attention,741.85
18276,44,6,1656.52,3,3,3,333,Loyal,1656.52
18277,59,5,1180.05,3,2,3,323,Loyal,1180.05
18278,74,2,414.2,3,1,2,312,Needs Attention,414.2
18279,520,1,231.34,1,1,1,111,Lost,231.34
18280,278,2,488.15,2,1,2,212,Needs Attention,488.15
18281,181,2,201.14,2,1,1,211,Lost,201.14
18282,8,2,178.05,4,1,1,411,Needs Attention,178.05
18283,4,22,2736.65,4,3,4,434,Champions,2736.65
18284,432,1,461.68,1,1,2,112,Needs Attention,461.68
18285,661,1,427.0,1,1,2,112,Needs Attention,427.0
18286,477,2,1296.43,1,1,3,113,Needs Attention,1296.43
18287,43,7,4182.99,3,3,4,334,Loyal,4182.99
